domain,Tuple_ID,present_probe_numbers,missing_probe_numbers
Synthetic,P0042_T1,1|2|4|5,3
Synthetic,P0042_T2,1|2|4|5,3
Synthetic,P0115_T2,3,1|2|4|5
Synthetic,P0229_T1,2|3|4|5,1
Synthetic,P0231_T1,1|2|3|5,4
Synthetic,P0231_T2,1|2|3|5,4
Synthetic,P0231_T3,1|2|3|5,4
Synthetic,P0287_T1,2|3|4|5,1
Synthetic,P0289_T2,2|3|4|5,1
Synthetic,P0370_T3,1|2|3|5,4
Synthetic,P0546_T3,1|3|4|5,2
Synthetic,P0547_T1,1,2|3|4|5
Synthetic,P0547_T3,1,2|3|4|5
Synthetic,P0548_T1,1,2|3|4|5
Synthetic,P0548_T3,1,2|3|4|5
Synthetic,P0764_T3,3,1|2|4|5
Synthetic,P0811_T1,2|3|4|5,1
Synthetic,P0848_T1,1|2|3|4,5
Synthetic,P0859_T5,4|5,1|2|3
Synthetic,P0991_T1,4|5,1|2|3
Synthetic,P1042_T1,2|3|4|5,1
Synthetic,P1709_T1,1|2|3|5,4
Synthetic,P1858_T1,1|2|3|5,4
Synthetic,P1977_T1,1|2|3|5,4
Synthetic,P2410_T1,1|2|3|5,4
Synthetic,P2524_T3,3,1|2|4|5
Synthetic,P2579_T1,1|2|3|5,4
Synthetic,P2579_T2,1|2|3|5,4
Synthetic,P2785_T2,1|2|3|5,4
Synthetic,P2785_T3,1|2|3|5,4
Synthetic,P2786_T1,1|2|3|5,4
Synthetic,P2786_T2,1|2|3|5,4
Synthetic,P2786_T3,1|2|3|5,4
Synthetic,P2787_T1,1|2|3|5,4
Synthetic,P2787_T2,1|2|3|5,4
Synthetic,P2787_T3,1|2|3|5,4
Synthetic,P2788_T1,2|3|4|5,1
PubMed,P111P8_T3,1|2|3|5,4
PubMed,P111P9_T1,1|2|3|5,4
PubMed,P128P2_T1,1|2|3|5,4
PubMed,P128P5_T1,1|2|3|5,4
PubMed,P128P5_T2,1|2|3|5,4
PubMed,P128P5_T3,1|2|3|5,4
PubMed,P128P5_T4,1|2|3|5,4
PubMed,P128P6_T1,1|2|3|5,4
PubMed,P128P8_T1,1|2|3|5,4
PubMed,P129P8_T1,1|2|3|5,4
PubMed,P12PR1_T1,1|2|3|5,4
PubMed,P12PR1_T2,1|2|3|5,4
PubMed,P76P7_T3,1|2|3|5,4
PubMed,P87P22_T2,1|2|3|5,4
PubMed,P87P23_T1,1|2|3|5,4
PubMed,P87P26_T1,1|2|3|5,4
PubMed,P87P3_T1,1|2|3|5,4
PubMed,P87P3_T2,1|2|3|5,4
PubMed,P87P3_T3,1|2|3|5,4
PubMed,P87P3_T4,1|2|3|5,4
PubMed,P87P4_T1,2|3|5,1|4
PubMed,P87P5_T1,1|2|3|5,4
PubMed,P87P8_T1,1|2|3|5,4
Reddit,P0009_T7,1|2|3|5,4
Reddit,P0018_T2,1|2|3|5,4
Reddit,P0019_T1,1|2|3|5,4
Reddit,P0019_T2,1|2|3|5,4
Reddit,P0019_T3,1|2|3|5,4
Reddit,P0020_T1,1|2|3|5,4
Reddit,P0020_T2,1|2|3|5,4
Reddit,P0021_T1,1|2|3|5,4
Reddit,P0022_T1,1|2|3|5,4
Reddit,P0023_T1,1|2|3|5,4
Reddit,P0023_T2,1|2|3|5,4
Reddit,P0066_T1,1|2|3|5,4
Reddit,P0066_T2,1|2|3|5,4
Reddit,P0067_T1,1|2|3|5,4
Reddit,P0087_T4,1|2|3|5,4
Reddit,P0088_T1,1|2|3|5,4
Reddit,P0089_T1,1|2|3|5,4
Reddit,P0089_T2,1|2|3|5,4
Reddit,P0089_T3,1|2|3|5,4
Reddit,P0090_T1,1|2|3|5,4
Reddit,P0090_T2,1|2|3|5,4
Reddit,P0090_T3,1|2|3|5,4
Reddit,P0127_T1,1|2|3|5,4
Reddit,P0127_T2,1|2|3|5,4
Reddit,P0128_T1,1|2|3|5,4
Reddit,P0128_T2,1|2|3|5,4
Reddit,P0128_T3,1|2|3|5,4
Reddit,P0129_T1,1|2|3|5,4
Reddit,P0129_T2,1|2|3|5,4
Reddit,P0130_T1,1|2|3|5,4
Reddit,P0130_T2,1|2|3|5,4
Reddit,P0131_T1,1|2|3|5,4
Reddit,P0229_T4,1|2|3|5,4
Reddit,P0240_T1,1|2|3|5,4
Reddit,P0240_T2,1|2|3|5,4
Reddit,P0240_T3,1|2|3|5,4
Reddit,P0267_T1,1|2|3|5,4
Reddit,P0268_T1,1|2|3|5,4
Reddit,P0268_T2,1|2|3|5,4
Reddit,P0268_T3,1|2|3|5,4
Reddit,P0268_T4,1|2|3|5,4
Reddit,P0269_T1,1|2|3|5,4
Reddit,P0269_T2,1|2|3|5,4
Reddit,P0269_T3,1|2|3|5,4
Reddit,P0356_T4,1|2|3|5,4
Reddit,P0549_T1,1|2|3|5,4
Reddit,P0550_T1,1|2|3|5,4
