run_id,model,train_domain,test_domain,training_fraction,prompt_template,source_path,zip_member,prediction_column,rows
prompted_kimi_synthetic,Kimi-K2,Prompted,Synthetic,0,two_shot_plus_cot,predictions/prompted/prompted_kimi_synthetic.csv,,predicted_label,37268
prompted_llama_synthetic,Llama-3.3-70B-Instruct,Prompted,Synthetic,0,two_shot_plus_cot,predictions/prompted/prompted_llama_synthetic.csv,,predicted_label,37268
prompted_phi_synthetic,Phi-4-mini-instruct,Prompted,Synthetic,0,zero_shot,predictions/prompted/prompted_phi_synthetic.csv,,predicted_label,37268
prompted_qwen_synthetic,Qwen2.5-32B-Instruct,Prompted,Synthetic,0,two_shot_plus_cot,predictions/prompted/prompted_qwen_synthetic.csv,,predicted_label,37268
prompted_kimi_pubmed,Kimi-K2,Prompted,Pubmed,0,two_shot_plus_cot,predictions/prompted/prompted_kimi_pubmed.csv,,predicted_label,6961
prompted_llama_pubmed,Llama-3.3-70B-Instruct,Prompted,Pubmed,0,two_shot_plus_cot,predictions/prompted/prompted_llama_pubmed.csv,,predicted_label,6961
prompted_phi_pubmed,Phi-4-mini-instruct,Prompted,Pubmed,0,zero_shot,predictions/prompted/prompted_phi_pubmed.csv,,predicted_label,6961
prompted_qwen_pubmed,Qwen2.5-32B-Instruct,Prompted,Pubmed,0,two_shot_plus_cot,predictions/prompted/prompted_qwen_pubmed.csv,,predicted_label,6961
prompted_kimi_reddit,Kimi-K2,Prompted,Reddit,0,two_shot_plus_cot,predictions/prompted/prompted_kimi_reddit.csv,,predicted_label,7883
prompted_llama_reddit,Llama-3.3-70B-Instruct,Prompted,Reddit,0,two_shot_plus_cot,predictions/prompted/prompted_llama_reddit.csv,,predicted_label,7883
prompted_phi_reddit,Phi-4-mini-instruct,Prompted,Reddit,0,zero_shot,predictions/prompted/prompted_phi_reddit.csv,,predicted_label,7883
prompted_qwen_reddit,Qwen2.5-32B-Instruct,Prompted,Reddit,0,two_shot_plus_cot,predictions/prompted/prompted_qwen_reddit.csv,,predicted_label,7883
phi_synthetic_to_synthetic,Phi-4-mini-instruct,Synthetic,Synthetic,1.0,fine_tuned_inference,predictions/finetuned/phi_synthetic_to_synthetic.csv,,predicted_label,11220
phi_synthetic_to_pubmed,Phi-4-mini-instruct,Synthetic,PubMed,1.0,fine_tuned_inference,predictions/finetuned/phi_synthetic_to_pubmed.csv,,predicted_label,6961
phi_synthetic_to_reddit,Phi-4-mini-instruct,Synthetic,Reddit,1.0,fine_tuned_inference,predictions/finetuned/phi_synthetic_to_reddit.csv,,predicted_label,7883
phi_pubmed_to_pubmed,Phi-4-mini-instruct,PubMed,PubMed,1.0,fine_tuned_inference,predictions/finetuned/phi_pubmed_to_pubmed.csv,,predicted_label,2111
phi_reddit_to_reddit,Phi-4-mini-instruct,Reddit,Reddit,1.0,fine_tuned_inference,predictions/finetuned/phi_reddit_to_reddit.csv,,predicted_label,2411
llama_synthetic_to_synthetic,Llama-3.3-70B-Instruct,Synthetic,Synthetic,1.0,fine_tuned_inference,predictions/finetuned/llama_synthetic_to_synthetic.csv,,predicted_label,11220
llama_synthetic_to_pubmed,Llama-3.3-70B-Instruct,Synthetic,PubMed,1.0,fine_tuned_inference,predictions/finetuned/llama_synthetic_to_pubmed.csv,,predicted_label,2111
llama_synthetic_to_reddit,Llama-3.3-70B-Instruct,Synthetic,Reddit,1.0,fine_tuned_inference,predictions/finetuned/llama_synthetic_to_reddit.csv,,predicted_label,2411
llama_pubmed_to_pubmed,Llama-3.3-70B-Instruct,PubMed,PubMed,1.0,fine_tuned_inference,predictions/finetuned/llama_pubmed_to_pubmed.csv,,predicted_label,2111
llama_reddit_to_reddit,Llama-3.3-70B-Instruct,Reddit,Reddit,1.0,fine_tuned_inference,predictions/finetuned/llama_reddit_to_reddit.csv,,predicted_label,2411
qwen_synthetic_to_synthetic,Qwen2.5-32B-Instruct,Synthetic,Synthetic,1.0,fine_tuned_inference,predictions/finetuned/qwen_synthetic_to_synthetic.csv,,predicted_label,11220
qwen_synthetic_to_pubmed,Qwen2.5-32B-Instruct,Synthetic,PubMed,1.0,fine_tuned_inference,predictions/finetuned/qwen_synthetic_to_pubmed.csv,,predicted_label,2111
qwen_synthetic_to_reddit,Qwen2.5-32B-Instruct,Synthetic,Reddit,1.0,fine_tuned_inference,predictions/finetuned/qwen_synthetic_to_reddit.csv,,predicted_label,2411
qwen_pubmed_to_pubmed,Qwen2.5-32B-Instruct,PubMed,PubMed,1.0,fine_tuned_inference,predictions/finetuned/qwen_pubmed_to_pubmed.csv,,predicted_label,2111
qwen_reddit_to_reddit,Qwen2.5-32B-Instruct,Reddit,Reddit,1.0,fine_tuned_inference,predictions/finetuned/qwen_reddit_to_reddit.csv,,predicted_label,2411
bert_synthetic_to_synthetic,BERT,Synthetic,Synthetic,1.0,fine_tuned_inference,predictions/finetuned/bert_synthetic_to_synthetic.csv,,predicted_label,11220
bert_synthetic_to_pubmed,BERT,Synthetic,PubMed,1.0,fine_tuned_inference,predictions/finetuned/bert_synthetic_to_pubmed.csv,,predicted_label,6961
bert_synthetic_to_reddit,BERT,Synthetic,Reddit,1.0,fine_tuned_inference,predictions/finetuned/bert_synthetic_to_reddit.csv,,predicted_label,7883
bert_pubmed_to_pubmed,BERT,PubMed,PubMed,1.0,fine_tuned_inference,predictions/finetuned/bert_pubmed_to_pubmed.csv,,predicted_label,2111
bert_reddit_to_reddit,BERT,Reddit,Reddit,1.0,fine_tuned_inference,predictions/finetuned/bert_reddit_to_reddit.csv,,predicted_label,2411
pubmedbert_synthetic_to_synthetic,PubMedBERT,Synthetic,Synthetic,1.0,fine_tuned_inference,predictions/finetuned/pubmedbert_synthetic_to_synthetic.csv,,predicted_label,11220
pubmedbert_synthetic_to_pubmed,PubMedBERT,Synthetic,PubMed,1.0,fine_tuned_inference,predictions/finetuned/pubmedbert_synthetic_to_pubmed.csv,,predicted_label,6961
pubmedbert_synthetic_to_reddit,PubMedBERT,Synthetic,Reddit,1.0,fine_tuned_inference,predictions/finetuned/pubmedbert_synthetic_to_reddit.csv,,predicted_label,7883
pubmedbert_pubmed_to_pubmed,PubMedBERT,PubMed,PubMed,1.0,fine_tuned_inference,predictions/finetuned/pubmedbert_pubmed_to_pubmed.csv,,predicted_label,2111
pubmedbert_reddit_to_reddit,PubMedBERT,Reddit,Reddit,1.0,fine_tuned_inference,predictions/finetuned/pubmedbert_reddit_to_reddit.csv,,predicted_label,2411
biobert_synthetic_to_synthetic,BioBERT,Synthetic,Synthetic,1.0,fine_tuned_inference,predictions/finetuned/biobert_synthetic_to_synthetic.csv,,predicted_label,11220
biobert_synthetic_to_pubmed,BioBERT,Synthetic,PubMed,1.0,fine_tuned_inference,predictions/finetuned/biobert_synthetic_to_pubmed.csv,,predicted_label,6961
biobert_synthetic_to_reddit,BioBERT,Synthetic,Reddit,1.0,fine_tuned_inference,predictions/finetuned/biobert_synthetic_to_reddit.csv,,predicted_label,7883
biobert_pubmed_to_pubmed,BioBERT,PubMed,PubMed,1.0,fine_tuned_inference,predictions/finetuned/biobert_pubmed_to_pubmed.csv,,predicted_label,2111
biobert_reddit_to_reddit,BioBERT,Reddit,Reddit,1.0,fine_tuned_inference,predictions/finetuned/biobert_reddit_to_reddit.csv,,predicted_label,2411
scibert_synthetic_to_synthetic,SciBERT,Synthetic,Synthetic,1.0,fine_tuned_inference,predictions/finetuned/scibert_synthetic_to_synthetic.csv,,predicted_label,11220
scibert_synthetic_to_pubmed,SciBERT,Synthetic,PubMed,1.0,fine_tuned_inference,predictions/finetuned/scibert_synthetic_to_pubmed.csv,,predicted_label,6961
scibert_synthetic_to_reddit,SciBERT,Synthetic,Reddit,1.0,fine_tuned_inference,predictions/finetuned/scibert_synthetic_to_reddit.csv,,predicted_label,7883
scibert_pubmed_to_pubmed,SciBERT,PubMed,PubMed,1.0,fine_tuned_inference,predictions/finetuned/scibert_pubmed_to_pubmed.csv,,predicted_label,2111
scibert_reddit_to_reddit,SciBERT,Reddit,Reddit,1.0,fine_tuned_inference,predictions/finetuned/scibert_reddit_to_reddit.csv,,predicted_label,2411
