Document_ID,Paragraph_ID,split
,P0002,train
,P0003,train
,P0005,train
,P0007,train
,P0008,train
,P0010,train
,P0012,train
,P0013,train
,P0014,train
,P0016,train
,P0017,train
,P0018,train
,P0019,train
,P0020,train
,P0021,train
,P0022,train
,P0023,train
,P0027,train
,P0028,train
,P0030,train
,P0032,train
,P0033,train
,P0034,train
,P0035,train
,P0036,train
,P0037,train
,P0038,train
,P0040,train
,P0041,train
,P0046,train
,P0048,train
,P0049,train
,P0050,train
,P0051,train
,P0054,train
,P0055,train
,P0056,train
,P0057,train
,P0058,train
,P0060,train
,P0061,train
,P0063,train
,P0066,train
,P0068,train
,P0069,train
,P0070,train
,P0071,train
,P0072,train
,P0073,train
,P0075,train
,P0076,train
,P0078,train
,P0079,train
,P0082,train
,P0083,train
,P0085,train
,P0087,train
,P0088,train
,P0089,train
,P0090,train
,P0091,train
,P0092,train
,P0093,train
,P0094,train
,P0096,train
,P0098,train
,P0102,train
,P0104,train
,P0107,train
,P0108,train
,P0109,train
,P0111,train
,P0112,train
,P0115,train
,P0118,train
,P0120,train
,P0121,train
,P0124,train
,P0127,train
,P0130,train
,P0131,train
,P0132,train
,P0134,train
,P0135,train
,P0136,train
,P0137,train
,P0139,train
,P0140,train
,P0141,train
,P0142,train
,P0144,train
,P0145,train
,P0147,train
,P0148,train
,P0149,train
,P0151,train
,P0155,train
,P0156,train
,P0157,train
,P0158,train
,P0159,train
,P0160,train
,P0161,train
,P0164,train
,P0166,train
,P0168,train
,P0169,train
,P0176,train
,P0177,train
,P0178,train
,P0180,train
,P0181,train
,P0183,train
,P0184,train
,P0185,train
,P0186,train
,P0187,train
,P0188,train
,P0190,train
,P0192,train
,P0193,train
,P0194,train
,P0198,train
,P0199,train
,P0200,train
,P0203,train
,P0205,train
,P0207,train
,P0209,train
,P0210,train
,P0211,train
,P0212,train
,P0213,train
,P0217,train
,P0219,train
,P0222,train
,P0223,train
,P0224,train
,P0225,train
,P0227,train
,P0230,train
,P0231,train
,P0232,train
,P0234,train
,P0236,train
,P0238,train
,P0241,train
,P0243,train
,P0244,train
,P0245,train
,P0247,train
,P0249,train
,P0251,train
,P0252,train
,P0253,train
,P0254,train
,P0255,train
,P0259,train
,P0260,train
,P0262,train
,P0263,train
,P0264,train
,P0268,train
,P0269,train
,P0270,train
,P0271,train
,P0272,train
,P0273,train
,P0274,train
,P0278,train
,P0279,train
,P0280,train
,P0282,train
,P0283,train
,P0284,train
,P0286,train
,P0288,train
,P0291,train
,P0292,train
,P0293,train
,P0295,train
,P0296,train
,P0298,train
,P0301,train
,P0303,train
,P0304,train
,P0306,train
,P0307,train
,P0308,train
,P0310,train
,P0311,train
,P0312,train
,P0313,train
,P0314,train
,P0317,train
,P0318,train
,P0322,train
,P0323,train
,P0328,train
,P0330,train
,P0333,train
,P0335,train
,P0336,train
,P0337,train
,P0339,train
,P0341,train
,P0344,train
,P0347,train
,P0349,train
,P0351,train
,P0352,train
,P0353,train
,P0356,train
,P0357,train
,P0360,train
,P0361,train
,P0363,train
,P0364,train
,P0365,train
,P0367,train
,P0368,train
,P0370,train
,P0371,train
,P0372,train
,P0373,train
,P0374,train
,P0376,train
,P0379,train
,P0380,train
,P0381,train
,P0383,train
,P0384,train
,P0387,train
,P0389,train
,P0390,train
,P0391,train
,P0392,train
,P0393,train
,P0394,train
,P0395,train
,P0396,train
,P0398,train
,P0399,train
,P0402,train
,P0403,train
,P0404,train
,P0406,train
,P0407,train
,P0408,train
,P0410,train
,P0411,train
,P0413,train
,P0418,train
,P0419,train
,P0420,train
,P0422,train
,P0424,train
,P0430,train
,P0432,train
,P0433,train
,P0435,train
,P0440,train
,P0441,train
,P0442,train
,P0444,train
,P0446,train
,P0447,train
,P0448,train
,P0450,train
,P0451,train
,P0455,train
,P0460,train
,P0463,train
,P0465,train
,P0467,train
,P0468,train
,P0469,train
,P0470,train
,P0471,train
,P0474,train
,P0475,train
,P0477,train
,P0479,train
,P0480,train
,P0481,train
,P0482,train
,P0486,train
,P0487,train
,P0488,train
,P0491,train
,P0492,train
,P0493,train
,P0495,train
,P0496,train
,P0498,train
,P0500,train
,P0502,train
,P0503,train
,P0504,train
,P0505,train
,P0506,train
,P0509,train
,P0514,train
,P0515,train
,P0516,train
,P0518,train
,P0519,train
,P0520,train
,P0521,train
,P0524,train
,P0525,train
,P0526,train
,P0527,train
,P0528,train
,P0530,train
,P0532,train
,P0534,train
,P0535,train
,P0536,train
,P0540,train
,P0541,train
,P0545,train
,P0546,train
,P0550,train
,P0551,train
,P0554,train
,P0557,train
,P0558,train
,P0559,train
,P0561,train
,P0562,train
,P0565,train
,P0566,train
,P0567,train
,P0568,train
,P0569,train
,P0571,train
,P0572,train
,P0574,train
,P0575,train
,P0576,train
,P0577,train
,P0579,train
,P0580,train
,P0581,train
,P0583,train
,P0587,train
,P0589,train
,P0590,train
,P0595,train
,P0597,train
,P0598,train
,P0599,train
,P0601,train
,P0602,train
,P0605,train
,P0608,train
,P0609,train
,P0612,train
,P0616,train
,P0617,train
,P0621,train
,P0623,train
,P0627,train
,P0628,train
,P0629,train
,P0631,train
,P0632,train
,P0633,train
,P0635,train
,P0636,train
,P0637,train
,P0638,train
,P0639,train
,P0641,train
,P0642,train
,P0644,train
,P0645,train
,P0647,train
,P0648,train
,P0650,train
,P0651,train
,P0652,train
,P0653,train
,P0655,train
,P0656,train
,P0657,train
,P0659,train
,P0660,train
,P0661,train
,P0662,train
,P0665,train
,P0666,train
,P0668,train
,P0669,train
,P0670,train
,P0671,train
,P0672,train
,P0677,train
,P0683,train
,P0684,train
,P0685,train
,P0686,train
,P0688,train
,P0689,train
,P0693,train
,P0694,train
,P0695,train
,P0009,test
,P0011,test
,P0015,test
,P0024,test
,P0025,test
,P0026,test
,P0029,test
,P0031,test
,P0039,test
,P0043,test
,P0044,test
,P0052,test
,P0053,test
,P0059,test
,P0062,test
,P0065,test
,P0074,test
,P0077,test
,P0080,test
,P0081,test
,P0084,test
,P0086,test
,P0095,test
,P0097,test
,P0099,test
,P0105,test
,P0110,test
,P0113,test
,P0114,test
,P0117,test
,P0122,test
,P0123,test
,P0125,test
,P0126,test
,P0128,test
,P0129,test
,P0133,test
,P0143,test
,P0146,test
,P0150,test
,P0153,test
,P0163,test
,P0165,test
,P0167,test
,P0170,test
,P0171,test
,P0173,test
,P0174,test
,P0175,test
,P0179,test
,P0182,test
,P0191,test
,P0195,test
,P0196,test
,P0197,test
,P0201,test
,P0204,test
,P0208,test
,P0214,test
,P0215,test
,P0216,test
,P0218,test
,P0221,test
,P0226,test
,P0228,test
,P0229,test
,P0233,test
,P0239,test
,P0242,test
,P0248,test
,P0250,test
,P0256,test
,P0257,test
,P0258,test
,P0261,test
,P0266,test
,P0267,test
,P0275,test
,P0276,test
,P0277,test
,P0281,test
,P0285,test
,P0287,test
,P0289,test
,P0290,test
,P0294,test
,P0297,test
,P0299,test
,P0300,test
,P0305,test
,P0309,test
,P0315,test
,P0321,test
,P0327,test
,P0331,test
,P0332,test
,P0334,test
,P0338,test
,P0340,test
,P0342,test
,P0345,test
,P0346,test
,P0348,test
,P0350,test
,P0354,test
,P0355,test
,P0359,test
,P0362,test
,P0369,test
,P0375,test
,P0382,test
,P0385,test
,P0386,test
,P0388,test
,P0400,test
,P0401,test
,P0405,test
,P0409,test
,P0412,test
,P0414,test
,P0415,test
,P0421,test
,P0423,test
,P0426,test
,P0427,test
,P0428,test
,P0429,test
,P0434,test
,P0436,test
,P0443,test
,P0445,test
,P0452,test
,P0453,test
,P0454,test
,P0456,test
,P0457,test
,P0458,test
,P0459,test
,P0461,test
,P0464,test
,P0476,test
,P0478,test
,P0484,test
,P0485,test
,P0489,test
,P0490,test
,P0494,test
,P0497,test
,P0501,test
,P0507,test
,P0510,test
,P0511,test
,P0513,test
,P0517,test
,P0522,test
,P0533,test
,P0537,test
,P0538,test
,P0539,test
,P0544,test
,P0547,test
,P0549,test
,P0553,test
,P0555,test
,P0556,test
,P0560,test
,P0563,test
,P0564,test
,P0573,test
,P0578,test
,P0582,test
,P0584,test
,P0585,test
,P0586,test
,P0588,test
,P0591,test
,P0592,test
,P0594,test
,P0596,test
,P0600,test
,P0603,test
,P0604,test
,P0606,test
,P0607,test
,P0610,test
,P0611,test
,P0613,test
,P0614,test
,P0615,test
,P0620,test
,P0624,test
,P0630,test
,P0634,test
,P0643,test
,P0649,test
,P0664,test
,P0673,test
,P0675,test
,P0678,test
,P0680,test
,P0681,test
,P0682,test
,P0687,test
,P0690,test
,P0691,test
,P0001,val
,P0004,val
,P0006,val
,P0042,val
,P0045,val
,P0047,val
,P0064,val
,P0067,val
,P0100,val
,P0101,val
,P0106,val
,P0116,val
,P0119,val
,P0138,val
,P0152,val
,P0154,val
,P0172,val
,P0189,val
,P0202,val
,P0206,val
,P0220,val
,P0235,val
,P0237,val
,P0240,val
,P0246,val
,P0265,val
,P0302,val
,P0316,val
,P0320,val
,P0326,val
,P0329,val
,P0366,val
,P0377,val
,P0378,val
,P0417,val
,P0431,val
,P0437,val
,P0438,val
,P0462,val
,P0466,val
,P0472,val
,P0473,val
,P0483,val
,P0499,val
,P0523,val
,P0529,val
,P0531,val
,P0542,val
,P0543,val
,P0548,val
,P0552,val
,P0570,val
,P0593,val
,P0618,val
,P0619,val
,P0622,val
,P0625,val
,P0626,val
,P0640,val
,P0646,val
,P0654,val
,P0658,val
,P0663,val
,P0667,val
,P0674,val
,P0676,val
,P0679,val
,P0692,val
