run_id,model,train_domain,test_domain,training_fraction,n_tuple_families,n_complete_families,bootstrap_repetitions,confidence_level,interval_method,base_seed,run_seed,source_path,zip_member,accuracy,accuracy_ci_low,accuracy_ci_high,macro_f1,macro_f1_ci_low,macro_f1_ci_high,ogr,ogr_ci_low,ogr_ci_high,sps,sps_ci_low,sps_ci_high
prompted_kimi_synthetic,Kimi-K2,Prompted,Synthetic,0,7466,7429,10000,0.95,percentile,20260802,5817190022171420363,predictions/prompted/prompted_kimi_synthetic.csv,,0.5438982505098208,0.5395281834916212,0.5482201433481585,0.5387642803894784,0.5342833247625053,0.5431879754295798,0.2951010191310567,0.2886693399204934,0.30147039939384795,0.022479472338134337,0.0192540729769759,0.025841184387617767
prompted_llama_synthetic,Llama-3.3-70B-Instruct,Prompted,Synthetic,0,7466,7429,10000,0.95,percentile,20260802,3526119525635652381,predictions/prompted/prompted_llama_synthetic.csv,,0.7433186648062681,0.7388491443669513,0.7478616178502822,0.7389367686440295,0.7344177014496638,0.7436008629221839,0.13548185231539425,0.13065806039996405,0.14031558714407044,0.23044824337057476,0.22096469954190245,0.24019938030445911
prompted_phi_synthetic,Phi-4-mini-instruct,Prompted,Synthetic,0,7466,7429,10000,0.95,percentile,20260802,3077114795646907532,predictions/prompted/prompted_phi_synthetic.csv,,0.5926800472255017,0.5882981384549252,0.5971455936452703,0.5337603855467185,0.5286408007966259,0.5389108827381556,0.03642946540318255,0.03385962364351245,0.03897907892000562,0.0450935522950599,0.040495089465895334,0.049784868164290154
prompted_qwen_synthetic,Qwen2.5-32B-Instruct,Prompted,Synthetic,0,7466,7429,10000,0.95,percentile,20260802,12235926956892371914,predictions/prompted/prompted_qwen_synthetic.csv,,0.683669636148975,0.679326241246253,0.6879894966185298,0.6740296982058758,0.6693694715336439,0.6786347467881956,0.09172179510101913,0.08744244266618982,0.09607238141621639,0.11912774263023287,0.11164881987615444,0.12644804223217904
prompted_kimi_pubmed,Kimi-K2,Prompted,Pubmed,0,1397,1374,10000,0.95,percentile,20260802,3907336246935775718,predictions/prompted/prompted_kimi_pubmed.csv,,0.5415888521764114,0.5298668465771152,0.5532281205164993,0.530967706287572,0.5192333136584543,0.5426252653823918,0.3588642328799809,0.34144595561918395,0.3760439036029587,0.03056768558951965,0.02177068214804064,0.03997093023255814
prompted_llama_pubmed,Llama-3.3-70B-Instruct,Prompted,Pubmed,0,1397,1374,10000,0.95,percentile,20260802,2533956552911426221,predictions/prompted/prompted_llama_pubmed.csv,,0.6557965809510128,0.642395495922189,0.6692474230147368,0.6538540674567213,0.6412756980970684,0.6665181174807691,0.2989739918873777,0.28203292770221905,0.31615366261035555,0.19723435225618632,0.17659883720930233,0.2182741116751269
prompted_phi_pubmed,Phi-4-mini-instruct,Prompted,Pubmed,0,1397,1374,10000,0.95,percentile,20260802,6760981270942824107,predictions/prompted/prompted_phi_pubmed.csv,,0.6524924579801753,0.6397172589991753,0.6652773935256829,0.6440284416082821,0.632060091364217,0.6560518706559536,0.22094965402052016,0.2054402290622763,0.23717489859222143,0.16885007278020378,0.14967363079310292,0.18885814119432823
prompted_qwen_pubmed,Qwen2.5-32B-Instruct,Prompted,Pubmed,0,1397,1374,10000,0.95,percentile,20260802,13490092332614513021,predictions/prompted/prompted_qwen_pubmed.csv,,0.6381267059330556,0.6253589890867317,0.6510057471264368,0.6355830804152891,0.6233551620152976,0.647801715339542,0.3061321880219518,0.28990694345025053,0.3228346456692913,0.15356622998544395,0.13435003631082063,0.1729658058903412
prompted_kimi_reddit,Kimi-K2,Prompted,Reddit,0,1586,1539,10000,0.95,percentile,20260802,3627540868414700871,predictions/prompted/prompted_kimi_reddit.csv,,0.5448433337561842,0.5347211202708712,0.5548238667889831,0.5340489002472468,0.5233640105038507,0.5446438374008371,0.19756200084068937,0.18474148802017654,0.21059268600252207,0.024691358024691357,0.017453135100193924,0.03253090435914118
prompted_llama_reddit,Llama-3.3-70B-Instruct,Prompted,Reddit,0,1586,1539,10000,0.95,percentile,20260802,6192210585499087326,predictions/prompted/prompted_llama_reddit.csv,,0.6998604592160345,0.6892302907356131,0.710534077903833,0.6963699956893361,0.6856322085924138,0.7070751812550918,0.11706599411517445,0.10655737704918032,0.12778478352248845,0.19883040935672514,0.17908424908424908,0.21869017218511524
prompted_phi_reddit,Phi-4-mini-instruct,Prompted,Reddit,0,1586,1539,10000,0.95,percentile,20260802,14096913293942617922,predictions/prompted/prompted_phi_reddit.csv,,0.6492452112140048,0.638448865796477,0.6599240492898379,0.6454657707117007,0.6347466151390262,0.656009179652867,0.14123581336696092,0.13009667927700713,0.15258511979823455,0.12345679012345678,0.1073039033558807,0.14019429989323834
prompted_qwen_reddit,Qwen2.5-32B-Instruct,Prompted,Reddit,0,1586,1539,10000,0.95,percentile,20260802,15639358488592345759,predictions/prompted/prompted_qwen_reddit.csv,,0.6848915387542813,0.6743566992014197,0.695701787751997,0.6809503788541171,0.6702426859932122,0.6917139882755821,0.1305170239596469,0.12000840689365279,0.14123581336696092,0.16894087069525665,0.15029277813923228,0.18770231828658873
phi_synthetic_to_synthetic,Phi-4-mini-instruct,Synthetic,Synthetic,1.0,2245,2240,10000,0.95,percentile,20260802,14676476691149136575,predictions/finetuned/phi_synthetic_to_synthetic.csv,,0.8948306595365418,0.8890171554548948,0.9004545049460833,0.8959119691404971,0.8901832295009203,0.9015209743305966,0.0008908685968819599,0.0002969561989606533,0.0016332590942835933,0.571875,0.5513392857142857,0.5923115596625881
phi_synthetic_to_pubmed,Phi-4-mini-instruct,Synthetic,PubMed,1.0,1397,1374,10000,0.95,percentile,20260802,16349639218522370116,predictions/finetuned/phi_synthetic_to_pubmed.csv,,0.7539146674328401,0.7433539301623796,0.7638194927490695,0.7576861325657857,0.7470069320333372,0.7678006392377836,0.00572655690765927,0.0035790980672870437,0.008112622285850633,0.26346433770014555,0.23979591836734693,0.28665462687803184
phi_synthetic_to_reddit,Phi-4-mini-instruct,Synthetic,Reddit,1.0,1586,1539,10000,0.95,percentile,20260802,11226746082202970557,predictions/finetuned/phi_synthetic_to_reddit.csv,,0.5888621083343905,0.5774357584054794,0.6001521298174443,0.5944411556024,0.5827433883786417,0.6060718331918197,0.06788566624632199,0.05926860025220681,0.07692307692307693,0.07797270955165692,0.06480881399870382,0.0914396887159533
phi_pubmed_to_pubmed,Phi-4-mini-instruct,PubMed,PubMed,1.0,424,415,10000,0.95,percentile,20260802,16582394761760289905,predictions/finetuned/phi_pubmed_to_pubmed.csv,,0.669824727617243,0.650376526310874,0.6900473933649289,0.6557674892424005,0.6353925754075994,0.6763615276534156,0.03380503144654088,0.02358490566037736,0.04481132075471698,0.13734939759036144,0.10551558752997602,0.17109294320137683
phi_reddit_to_reddit,Phi-4-mini-instruct,Reddit,Reddit,1.0,484,475,10000,0.95,percentile,20260802,17390205352966439348,predictions/finetuned/phi_reddit_to_reddit.csv,,0.9062629614267939,0.8914664457332229,0.9203658191828085,0.9145028639871077,0.9025149571639738,0.9260474478519833,0.0048209366391184574,0.0013774104683195593,0.008953168044077135,0.6505263157894737,0.6075156576200418,0.6924686192468619
llama_synthetic_to_synthetic,Llama-3.3-70B-Instruct,Synthetic,Synthetic,1.0,2245,2240,10000,0.95,percentile,20260802,12589639951486075326,predictions/finetuned/llama_synthetic_to_synthetic.csv,,0.926114081996435,0.9210407295113361,0.931111309152482,0.9211811005311086,0.9157195789773321,0.9265252297315657,0.006829992576095026,0.004751299183370453,0.009205642167780253,0.6986607142857143,0.6793376793003522,0.7172845020098259
llama_synthetic_to_pubmed,Llama-3.3-70B-Instruct,Synthetic,PubMed,1.0,424,415,10000,0.95,percentile,20260802,3666550567594304286,predictions/finetuned/llama_synthetic_to_pubmed.csv,,0.8886783514921838,0.8749407863571766,0.9024621212121212,0.8811233574060694,0.8665143138138511,0.8956900110766529,0.014937106918238994,0.008647798742138365,0.0220125786163522,0.5734939759036145,0.5256692484785752,0.6201923076923077
llama_synthetic_to_reddit,Llama-3.3-70B-Instruct,Synthetic,Reddit,1.0,484,475,10000,0.95,percentile,20260802,13374030896366437947,predictions/finetuned/llama_synthetic_to_reddit.csv,,0.6756532559104106,0.6403641765307694,0.7106683271066833,0.7611944064572947,0.7349040717833183,0.7864446803927666,0.013774104683195593,0.008264462809917356,0.01997245179063361,0.45263157894736844,0.40842105263157896,0.49789915966386555
llama_pubmed_to_pubmed,Llama-3.3-70B-Instruct,PubMed,PubMed,1.0,424,415,10000,0.95,percentile,20260802,5062797602634988262,predictions/finetuned/llama_pubmed_to_pubmed.csv,,0.39649455234486025,0.3770801642912507,0.41556084891060063,0.5259472516291016,0.5030026380614193,0.5477937055481189,0.0330188679245283,0.02358490566037736,0.04323899371069182,0.012048192771084338,0.0024154589371980675,0.02386634844868735
llama_reddit_to_reddit,Llama-3.3-70B-Instruct,Reddit,Reddit,1.0,484,475,10000,0.95,percentile,20260802,6678928047644141030,predictions/finetuned/llama_reddit_to_reddit.csv,,0.5960182496889258,0.5618257261410788,0.6292601828761429,0.6769616165660229,0.650634491774088,0.7020120325590993,0.07506887052341597,0.06060606060606061,0.09090909090909091,0.25894736842105265,0.22012578616352202,0.2985386221294363
qwen_synthetic_to_synthetic,Qwen2.5-32B-Instruct,Synthetic,Synthetic,1.0,2245,2240,10000,0.95,percentile,20260802,10627747093827635454,predictions/finetuned/qwen_synthetic_to_synthetic.csv,,0.6037433155080214,0.5989304812834224,0.6086103930831624,0.5832877004833442,0.5766016699525951,0.589998190183917,0.0005939123979213066,0.00014847809948032666,0.0011878247958426132,0.008928571428571428,0.0053523639607493305,0.012957998212689902
qwen_synthetic_to_pubmed,Qwen2.5-32B-Instruct,Synthetic,PubMed,1.0,424,415,10000,0.95,percentile,20260802,6369235144560001947,predictions/finetuned/qwen_synthetic_to_pubmed.csv,,0.5068687825675036,0.4971590909090909,0.5165723623976735,0.4424370846652059,0.42750873041977333,0.4568220035798968,0.0015723270440251573,0.0,0.003930817610062893,0.0,0.0,0.0
qwen_synthetic_to_reddit,Qwen2.5-32B-Instruct,Synthetic,Reddit,1.0,484,475,10000,0.95,percentile,20260802,5978201829443152174,predictions/finetuned/qwen_synthetic_to_reddit.csv,,0.48029863127333056,0.46829672606713635,0.49231408392189446,0.40316439853389613,0.38243040081419455,0.42310776890694723,0.0,0.0,0.0,0.0,0.0,0.0
qwen_pubmed_to_pubmed,Qwen2.5-32B-Instruct,PubMed,PubMed,1.0,424,415,10000,0.95,percentile,20260802,7814074164542658914,predictions/finetuned/qwen_pubmed_to_pubmed.csv,,0.743249644718143,0.7282245309773123,0.7586370089919545,0.7603000277817554,0.7440514132525099,0.7766627416181539,0.0007861635220125787,0.0,0.0023584905660377358,0.163855421686747,0.1291866028708134,0.19951923076923078
qwen_reddit_to_reddit,Qwen2.5-32B-Instruct,Reddit,Reddit,1.0,484,475,10000,0.95,percentile,20260802,17448288426575564180,predictions/finetuned/qwen_reddit_to_reddit.csv,,0.550808793031937,0.534604227103191,0.5664596273291925,0.5275210125333804,0.5056868247011013,0.5477328928172545,0.0048209366391184574,0.0013774104683195593,0.008953168044077135,0.02526315789473684,0.012552301255230125,0.04008438818565401
bert_synthetic_to_synthetic,BERT,Synthetic,Synthetic,1.0,2245,2240,10000,0.95,percentile,20260802,8823254300990279402,predictions/finetuned/bert_synthetic_to_synthetic.csv,,0.9907308377896613,0.9889492915069958,0.9925120342307007,0.9892193080301571,0.9871051862476599,0.9912814771462836,0.0002969561989606533,0.0,0.0007423904974016332,0.9544642857142858,0.9459338695263628,0.9629464285714285
bert_synthetic_to_pubmed,BERT,Synthetic,PubMed,1.0,1397,1374,10000,0.95,percentile,20260802,13698015660961778737,predictions/finetuned/bert_synthetic_to_pubmed.csv,,0.8916822295647178,0.8822342460783912,0.9011210117849957,0.8830474979591133,0.872872704055809,0.8929836542459036,0.013123359580052493,0.009305654974946313,0.017418277260796946,0.6506550218340611,0.6252700982784524,0.6758725958688324
bert_synthetic_to_reddit,BERT,Synthetic,Reddit,1.0,1586,1539,10000,0.95,percentile,20260802,14825237246612551051,predictions/finetuned/bert_synthetic_to_reddit.csv,,0.5722440695166815,0.5611673526332689,0.5834181089009575,0.4848465480886552,0.4679613655918446,0.5015068501987003,0.005674653215636823,0.00273224043715847,0.009247583018074821,0.13515269655620532,0.11825860948667966,0.15214564369310793
bert_pubmed_to_pubmed,BERT,PubMed,PubMed,1.0,424,415,10000,0.95,percentile,20260802,5234753053054664267,predictions/finetuned/bert_pubmed_to_pubmed.csv,,0.9208905731880626,0.904739336492891,0.9360189573459715,0.9138481060037532,0.8960855417281679,0.9301342895982541,0.013364779874213837,0.0047169811320754715,0.02358490566037736,0.7566265060240964,0.7146282973621103,0.7961642060758976
bert_reddit_to_reddit,BERT,Reddit,Reddit,1.0,484,475,10000,0.95,percentile,20260802,8014735016093400923,predictions/finetuned/bert_reddit_to_reddit.csv,,0.6777270841974284,0.6524263790958109,0.7029826014913008,0.6647126114813474,0.6357927709598981,0.6931843922924437,0.006887052341597796,0.002066115702479339,0.012396694214876033,0.3831578947368421,0.3396216588050314,0.4267515923566879
pubmedbert_synthetic_to_synthetic,PubMedBERT,Synthetic,Synthetic,1.0,2245,2240,10000,0.95,percentile,20260802,419764342767824750,predictions/finetuned/pubmedbert_synthetic_to_synthetic.csv,,0.9933155080213903,0.9917127071823204,0.9948288275025031,0.9923651349532444,0.9905466000683419,0.9940362503124445,0.0002969561989606533,0.0,0.0007423904974016332,0.9665178571428571,0.9585191793041927,0.9740611127860195
pubmedbert_synthetic_to_pubmed,PubMedBERT,Synthetic,PubMed,1.0,1397,1374,10000,0.95,percentile,20260802,13571586999784580170,predictions/finetuned/pubmedbert_synthetic_to_pubmed.csv,,0.9392328688406838,0.9324904211468161,0.9458570596566261,0.935875531029768,0.9286634676127897,0.9429284442969951,0.008351228823669768,0.005249343832020997,0.011691720353137676,0.7671033478893741,0.7443881245474294,0.789665211062591
pubmedbert_synthetic_to_reddit,PubMedBERT,Synthetic,Reddit,1.0,1586,1539,10000,0.95,percentile,20260802,12511510183166313954,predictions/finetuned/pubmedbert_synthetic_to_reddit.csv,,0.6019281999238868,0.5897206490210297,0.6142531067714938,0.5360626676976459,0.5184987333697265,0.5532886217601001,0.0069356872635561164,0.003572929802437999,0.010718789407313998,0.20857699805068225,0.1885183041157365,0.22942320155541154
pubmedbert_pubmed_to_pubmed,PubMedBERT,PubMed,PubMed,1.0,424,415,10000,0.95,percentile,20260802,12420441072279862959,predictions/finetuned/pubmedbert_pubmed_to_pubmed.csv,,0.9791567977261961,0.9724854420387811,0.9853289162328442,0.9767080353326102,0.9690397336606965,0.9837649312310145,0.0015723270440251573,0.0,0.003930817610062893,0.908433734939759,0.8800959232613909,0.9347826086956522
pubmedbert_reddit_to_reddit,PubMedBERT,Reddit,Reddit,1.0,484,475,10000,0.95,percentile,20260802,12765234877620713617,predictions/finetuned/pubmedbert_reddit_to_reddit.csv,,0.6681874740771464,0.6430053964300539,0.6934283012846582,0.6450964008769208,0.6131022466092797,0.6757654495030608,0.0048209366391184574,0.0013774104683195593,0.008953168044077135,0.37473684210526315,0.3312368972746331,0.41875493421052623
biobert_synthetic_to_synthetic,BioBERT,Synthetic,Synthetic,1.0,2245,2240,10000,0.95,percentile,20260802,8545381329455496563,predictions/finetuned/biobert_synthetic_to_synthetic.csv,,0.9949197860962566,0.9935817293215624,0.9961678994742001,0.9942456376832473,0.992654630671291,0.9956913665792227,0.00014847809948032666,0.0,0.00044543429844097997,0.975,0.9682894149173739,0.98125
biobert_synthetic_to_pubmed,BioBERT,Synthetic,PubMed,1.0,1397,1374,10000,0.95,percentile,20260802,18332622432096317390,predictions/finetuned/biobert_synthetic_to_pubmed.csv,,0.8913949145237753,0.8816427809042054,0.9011656130195399,0.884500212726155,0.8739670846245841,0.8949018668839515,0.016702457647339537,0.011930326890956812,0.02219040801717967,0.6717612809315866,0.6467589220684632,0.6964675389614919
biobert_synthetic_to_reddit,BioBERT,Synthetic,Reddit,1.0,1586,1539,10000,0.95,percentile,20260802,8984951629245623278,predictions/finetuned/biobert_synthetic_to_reddit.csv,,0.6040847393124446,0.5922264944332394,0.6162923486867149,0.5307069724528212,0.5141750103219039,0.5475433563655384,0.00546448087431694,0.0029424127784783522,0.008617065994115174,0.17868745938921377,0.16023112151641372,0.1979168356586632
biobert_pubmed_to_pubmed,BioBERT,PubMed,PubMed,1.0,424,415,10000,0.95,percentile,20260802,14324806447604090973,predictions/finetuned/biobert_pubmed_to_pubmed.csv,,0.8943628612032212,0.8725617263083881,0.9146110056925996,0.8829119635349273,0.8600967184148822,0.9046968745014178,0.07861635220125786,0.05738993710691824,0.10220125786163523,0.7518072289156627,0.7091346153846154,0.7931873479318735
biobert_reddit_to_reddit,BioBERT,Reddit,Reddit,1.0,484,475,10000,0.95,percentile,20260802,5935523531808236735,predictions/finetuned/biobert_reddit_to_reddit.csv,,0.6632102861883036,0.6387738193869097,0.6878116035637504,0.6365657708433673,0.6051326372369586,0.666951142652169,0.004132231404958678,0.0013774104683195593,0.007575757575757576,0.3494736842105263,0.3067226890756303,0.3920408067479314
scibert_synthetic_to_synthetic,SciBERT,Synthetic,Synthetic,1.0,2245,2240,10000,0.95,percentile,20260802,11415043933161086621,predictions/finetuned/scibert_synthetic_to_synthetic.csv,,0.9932263814616756,0.991711229946524,0.9947396576319544,0.9922861730152949,0.9905612098064723,0.9939844111728554,0.0007423904974016332,0.00014847809948032666,0.0014847809948032665,0.9665178571428571,0.9589652096342551,0.9736959429335711
scibert_synthetic_to_pubmed,SciBERT,Synthetic,PubMed,1.0,1397,1374,10000,0.95,percentile,20260802,4823007646118158513,predictions/finetuned/scibert_synthetic_to_pubmed.csv,,0.9357850883493751,0.928448275862069,0.9428409347661303,0.9310922525242153,0.9231540228536901,0.9386670825555194,0.006680983058935815,0.00381770460510618,0.009782868050584585,0.7700145560407569,0.7476363636363637,0.7918486171761281
scibert_synthetic_to_reddit,SciBERT,Synthetic,Reddit,1.0,1586,1539,10000,0.95,percentile,20260802,17564945053466015792,predictions/finetuned/scibert_synthetic_to_reddit.csv,,0.641126474692376,0.6281399863770076,0.6540123093860408,0.5911456396420919,0.5736651635162342,0.6082729202156516,0.006094997898276587,0.0029424127784783522,0.009878100042034469,0.2521117608836907,0.2302203762282003,0.2739739370218822
scibert_pubmed_to_pubmed,SciBERT,PubMed,PubMed,1.0,424,415,10000,0.95,percentile,20260802,12099039648570840249,predictions/finetuned/scibert_pubmed_to_pubmed.csv,,0.9687351965892942,0.9601706970128022,0.9767662399241347,0.9653966427181372,0.9560016804243741,0.974134926188297,0.003930817610062893,0.0007861635220125787,0.007861635220125786,0.8674698795180723,0.8341460483114446,0.8987951807228916
scibert_reddit_to_reddit,SciBERT,Reddit,Reddit,1.0,484,475,10000,0.95,percentile,20260802,58354637216184220,predictions/finetuned/scibert_reddit_to_reddit.csv,,0.7051016175860638,0.6798168666659318,0.7307373653686827,0.6941445978706134,0.6658086464724245,0.7225935752271392,0.010330578512396695,0.005509641873278237,0.01584022038567493,0.4357894736842105,0.39112050739957716,0.4810924369747899
