Train_ID,Test_ID,Validation_ID
P0001,P0002,P0013
P0006,P0003,P0019
P0007,P0004,P0029
P0010,P0005,P0041
P0011,P0008,P0051
P0015,P0009,P0079
P0016,P0012,P0098
P0017,P0014,P0108
P0021,P0018,P0134
P0022,P0020,P0143
P0023,P0024,P0153
P0026,P0025,P0183
P0027,P0028,P0185
P0032,P0030,P0192
P0034,P0031,P0196
P0035,P0033,P0198
P0036,P0040,P0209
P0037,P0045,P0221
P0038,P0046,P0235
P0039,P0054,P0244
P0042,P0059,P0251
P0043,P0067,P0253
P0044,P0069,P0257
P0047,P0075,P0269
P0048,P0083,P0270
P0049,P0085,P0279
P0050,P0086,P0280
P0052,P0087,P0297
P0053,P0089,P0308
P0055,P0090,P0312
P0056,P0092,P0320
P0057,P0097,P0337
P0058,P0102,P0339
P0060,P0103,P0389
P0061,P0110,P0399
P0062,P0114,P0433
P0063,P0118,P0443
P0064,P0123,P0457
P0065,P0124,P0464
P0066,P0127,P0471
P0068,P0130,P0481
P0070,P0133,P0494
P0071,P0138,P0498
P0072,P0142,P0503
P0073,P0147,P0522
P0074,P0148,P0528
P0076,P0149,P0529
P0077,P0151,P0540
P0078,P0154,P0560
P0080,P0161,P0564
P0081,P0162,P0575
P0082,P0165,P0588
P0084,P0166,P0589
P0088,P0171,P0590
P0091,P0173,P0601
P0093,P0174,P0611
P0094,P0178,P0619
P0095,P0181,P0631
P0096,P0189,P0633
P0099,P0190,P0638
P0100,P0191,P0642
P0101,P0195,P0648
P0104,P0200,P0658
P0105,P0201,P0680
P0106,P0203,P0683
P0107,P0204,P0700
P0109,P0205,P0731
P0111,P0206,P0733
P0112,P0207,P0738
P0113,P0208,P0744
P0115,P0214,P0748
P0116,P0220,P0755
P0117,P0222,P0767
P0119,P0225,P0790
P0120,P0233,P0805
P0121,P0234,P0816
P0122,P0237,P0835
P0125,P0246,P0848
P0126,P0250,P0852
P0128,P0259,P0856
P0129,P0260,P0858
P0131,P0261,P0863
P0132,P0265,P0885
P0135,P0266,P0887
P0136,P0276,P0889
P0137,P0277,P0913
P0139,P0278,P0916
P0140,P0281,P0918
P0141,P0282,P0937
P0144,P0283,P0938
P0145,P0305,P0944
P0146,P0310,P0946
P0150,P0311,P0967
P0152,P0315,P0975
P0155,P0316,P0980
P0156,P0322,P0984
P0157,P0323,P1003
P0158,P0324,P1009
P0159,P0329,P1013
P0160,P0330,P1048
P0163,P0334,P1054
P0164,P0335,P1062
P0167,P0343,P1063
P0168,P0349,P1070
P0169,P0354,P1082
P0170,P0361,P1087
P0172,P0364,P1109
P0175,P0368,P1124
P0176,P0369,P1135
P0177,P0372,P1138
P0179,P0377,P1152
P0180,P0379,P1166
P0182,P0380,P1169
P0184,P0387,P1184
P0186,P0395,P1185
P0187,P0401,P1190
P0188,P0409,P1193
P0193,P0413,P1199
P0194,P0415,P1203
P0197,P0417,P1211
P0199,P0424,P1213
P0202,P0425,P1216
P0210,P0431,P1222
P0211,P0432,P1225
P0212,P0434,P1226
P0213,P0436,P1246
P0215,P0438,P1276
P0216,P0440,P1277
P0217,P0442,P1284
P0218,P0444,P1289
P0219,P0447,P1293
P0223,P0448,P1316
P0224,P0450,P1324
P0226,P0453,P1329
P0227,P0459,P1332
P0228,P0460,P1342
P0229,P0465,P1346
P0230,P0470,P1348
P0231,P0474,P1352
P0232,P0477,P1361
P0236,P0480,P1365
P0238,P0483,P1394
P0239,P0484,P1395
P0240,P0486,P1404
P0241,P0487,P1406
P0242,P0488,P1410
P0243,P0493,P1422
P0245,P0504,P1427
P0247,P0507,P1445
P0248,P0509,P1452
P0249,P0510,P1461
P0252,P0517,P1491
P0254,P0518,P1494
P0255,P0520,P1499
P0256,P0524,P1501
P0258,P0527,P1504
P0262,P0530,P1511
P0263,P0532,P1512
P0264,P0535,P1517
P0267,P0537,P1519
P0268,P0539,P1534
P0271,P0542,P1542
P0272,P0551,P1581
P0273,P0552,P1587
P0274,P0556,P1595
P0275,P0565,P1632
P0284,P0567,P1637
P0285,P0568,P1639
P0286,P0569,P1646
P0287,P0570,P1655
P0288,P0573,P1657
P0289,P0577,P1680
P0290,P0585,P1686
P0291,P0587,P1689
P0292,P0596,P1705
P0293,P0598,P1712
P0294,P0603,P1719
P0295,P0604,P1724
P0296,P0610,P1726
P0298,P0612,P1746
P0299,P0613,P1770
P0300,P0618,P1776
P0301,P0621,P1808
P0302,P0622,P1814
P0303,P0624,P1819
P0304,P0626,P1856
P0306,P0634,P1859
P0307,P0636,P1862
P0309,P0637,P1870
P0313,P0641,P1871
P0314,P0643,P1874
P0317,P0644,P1878
P0318,P0649,P1900
P0319,P0653,P1905
P0321,P0657,P1936
P0325,P0659,P1941
P0326,P0662,P1964
P0327,P0666,P1981
P0328,P0669,P2008
P0331,P0673,P2018
P0332,P0674,P2024
P0333,P0677,P2030
P0336,P0685,P2036
P0338,P0687,P2059
P0340,P0688,P2075
P0341,P0694,P2079
P0342,P0698,P2092
P0344,P0699,P2108
P0345,P0703,P2117
P0346,P0704,P2143
P0347,P0711,P2154
P0348,P0715,P2193
P0350,P0716,P2194
P0351,P0718,P2207
P0352,P0721,P2211
P0353,P0725,P2215
P0355,P0727,P2216
P0356,P0734,P2232
P0357,P0736,P2248
P0358,P0743,P2250
P0359,P0747,P2257
P0360,P0750,P2266
P0362,P0751,P2288
P0363,P0757,P2298
P0365,P0762,P2299
P0366,P0770,P2304
P0367,P0771,P2306
P0370,P0782,P2309
P0371,P0785,P2311
P0373,P0786,P2314
P0374,P0791,P2327
P0375,P0793,P2342
P0376,P0797,P2350
P0378,P0798,P2358
P0381,P0799,P2363
P0382,P0801,P2367
P0383,P0804,P2371
P0384,P0806,P2373
P0385,P0809,P2376
P0386,P0810,P2385
P0388,P0813,P2391
P0390,P0814,P2393
P0391,P0815,P2408
P0392,P0820,P2412
P0393,P0821,P2429
P0394,P0822,P2434
P0396,P0824,P2438
P0397,P0829,P2439
P0398,P0830,P2440
P0400,P0840,P2466
P0402,P0843,P2472
P0403,P0854,P2500
P0404,P0857,P2502
P0405,P0861,P2503
P0406,P0862,P2505
P0407,P0865,P2510
P0408,P0868,P2514
P0410,P0870,P2526
P0411,P0872,P2534
P0412,P0874,P2565
P0414,P0875,P2570
P0416,P0882,P2571
P0418,P0884,P2579
P0419,P0892,P2596
P0420,P0895,P2600
P0421,P0900,P2607
P0422,P0902,P2610
P0423,P0903,P2615
P0426,P0904,P2616
P0427,P0905,P2620
P0428,P0907,P2654
P0429,P0912,P2656
P0430,P0915,P2674
P0435,P0920,P2695
P0437,P0922,P2704
P0439,P0925,P2709
P0441,P0928,P2721
P0445,P0935,P2722
P0446,P0941,P2726
P0449,P0945,P2730
P0451,P0951,P2748
P0452,P0954,P2757
P0454,P0957,P2773
P0455,P0959,P2777
P0456,P0960,P2796
P0458,P0963,P2800
P0461,P0965,P2836
P0462,P0966,P2841
P0463,P0969,P2849
P0466,P0973,P2870
P0467,P0974,P2884
P0468,P0976,P2895
P0469,P0977,P2903
P0472,P0985,P2905
P0473,P0987,P2922
P0475,P0990,P2950
P0476,P0994,P2958
P0478,P0996,P2967
P0479,P0998,P2990
P0482,P0999,P2991
P0485,P1010,
P0489,P1015,
P0490,P1016,
P0491,P1029,
P0492,P1031,
P0495,P1032,
P0496,P1035,
P0497,P1036,
P0499,P1037,
P0500,P1038,
P0501,P1040,
P0502,P1049,
P0505,P1050,
P0506,P1051,
P0508,P1052,
P0511,P1053,
P0512,P1056,
P0513,P1058,
P0514,P1060,
P0515,P1061,
P0516,P1066,
P0519,P1069,
P0521,P1071,
P0523,P1073,
P0525,P1077,
P0526,P1078,
P0531,P1080,
P0533,P1081,
P0534,P1084,
P0536,P1089,
P0538,P1090,
P0541,P1099,
P0543,P1102,
P0544,P1104,
P0545,P1105,
P0546,P1114,
P0547,P1117,
P0548,P1119,
P0549,P1120,
P0550,P1121,
P0553,P1122,
P0554,P1127,
P0555,P1128,
P0557,P1132,
P0558,P1137,
P0559,P1146,
P0561,P1149,
P0562,P1172,
P0563,P1178,
P0566,P1180,
P0571,P1182,
P0572,P1187,
P0574,P1188,
P0576,P1189,
P0578,P1191,
P0579,P1195,
P0580,P1196,
P0581,P1197,
P0582,P1201,
P0583,P1204,
P0584,P1209,
P0586,P1215,
P0591,P1224,
P0592,P1227,
P0593,P1229,
P0594,P1231,
P0595,P1234,
P0597,P1235,
P0599,P1237,
P0600,P1243,
P0602,P1247,
P0605,P1254,
P0606,P1255,
P0607,P1257,
P0608,P1260,
P0609,P1262,
P0614,P1266,
P0615,P1269,
P0616,P1270,
P0617,P1271,
P0620,P1278,
P0623,P1282,
P0625,P1290,
P0627,P1291,
P0628,P1292,
P0629,P1299,
P0630,P1301,
P0632,P1303,
P0635,P1308,
P0639,P1310,
P0640,P1311,
P0645,P1312,
P0646,P1314,
P0647,P1319,
P0650,P1327,
P0651,P1328,
P0652,P1330,
P0654,P1341,
P0655,P1343,
P0656,P1350,
P0660,P1357,
P0661,P1358,
P0663,P1360,
P0664,P1364,
P0665,P1367,
P0667,P1368,
P0668,P1370,
P0670,P1371,
P0671,P1374,
P0672,P1375,
P0675,P1383,
P0676,P1385,
P0678,P1386,
P0679,P1388,
P0681,P1390,
P0682,P1392,
P0684,P1393,
P0686,P1397,
P0689,P1402,
P0690,P1405,
P0691,P1411,
P0692,P1419,
P0693,P1423,
P0695,P1430,
P0696,P1431,
P0697,P1432,
P0701,P1435,
P0702,P1438,
P0705,P1439,
P0706,P1447,
P0707,P1451,
P0708,P1463,
P0709,P1464,
P0710,P1465,
P0712,P1468,
P0713,P1471,
P0714,P1473,
P0717,P1474,
P0719,P1475,
P0720,P1477,
P0722,P1479,
P0723,P1481,
P0724,P1484,
P0726,P1486,
P0728,P1487,
P0729,P1488,
P0730,P1490,
P0732,P1497,
P0735,P1502,
P0737,P1505,
P0739,P1509,
P0740,P1514,
P0741,P1515,
P0742,P1516,
P0745,P1528,
P0746,P1529,
P0749,P1530,
P0752,P1532,
P0753,P1538,
P0754,P1539,
P0756,P1541,
P0758,P1545,
P0759,P1548,
P0760,P1550,
P0761,P1553,
P0763,P1555,
P0764,P1561,
P0765,P1562,
P0766,P1563,
P0768,P1566,
P0769,P1567,
P0772,P1569,
P0773,P1572,
P0774,P1580,
P0775,P1584,
P0776,P1585,
P0777,P1586,
P0778,P1589,
P0779,P1592,
P0780,P1599,
P0781,P1600,
P0783,P1603,
P0784,P1608,
P0787,P1611,
P0788,P1614,
P0789,P1619,
P0792,P1627,
P0794,P1634,
P0795,P1635,
P0796,P1640,
P0800,P1650,
P0802,P1653,
P0803,P1660,
P0807,P1662,
P0808,P1666,
P0811,P1668,
P0812,P1670,
P0817,P1671,
P0818,P1676,
P0819,P1678,
P0823,P1682,
P0825,P1684,
P0826,P1693,
P0827,P1696,
P0828,P1699,
P0831,P1700,
P0832,P1701,
P0833,P1704,
P0834,P1706,
P0836,P1707,
P0837,P1713,
P0838,P1716,
P0839,P1717,
P0841,P1718,
P0842,P1722,
P0844,P1725,
P0845,P1728,
P0846,P1733,
P0847,P1734,
P0849,P1735,
P0850,P1739,
P0851,P1740,
P0853,P1751,
P0855,P1760,
P0859,P1762,
P0860,P1763,
P0864,P1766,
P0866,P1773,
P0867,P1777,
P0869,P1783,
P0871,P1784,
P0873,P1787,
P0876,P1789,
P0877,P1791,
P0878,P1792,
P0879,P1793,
P0880,P1796,
P0881,P1797,
P0883,P1807,
P0886,P1811,
P0888,P1812,
P0890,P1813,
P0891,P1815,
P0893,P1816,
P0894,P1817,
P0896,P1820,
P0897,P1823,
P0898,P1826,
P0899,P1833,
P0901,P1835,
P0906,P1837,
P0908,P1838,
P0909,P1841,
P0910,P1843,
P0911,P1846,
P0914,P1854,
P0917,P1855,
P0919,P1863,
P0921,P1864,
P0923,P1866,
P0924,P1868,
P0926,P1872,
P0927,P1873,
P0929,P1880,
P0930,P1882,
P0931,P1883,
P0932,P1884,
P0933,P1895,
P0934,P1896,
P0936,P1898,
P0939,P1904,
P0940,P1908,
P0942,P1915,
P0943,P1917,
P0947,P1919,
P0948,P1925,
P0949,P1927,
P0950,P1928,
P0952,P1937,
P0953,P1940,
P0955,P1942,
P0956,P1946,
P0958,P1950,
P0961,P1951,
P0962,P1954,
P0964,P1955,
P0968,P1956,
P0970,P1962,
P0971,P1963,
P0972,P1965,
P0978,P1966,
P0979,P1969,
P0981,P1971,
P0982,P1972,
P0983,P1974,
P0986,P1975,
P0988,P1978,
P0989,P1980,
P0991,P1982,
P0992,P1983,
P0993,P1988,
P0995,P1990,
P0997,P1994,
P1000,P1996,
P1001,P1998,
P1002,P1999,
P1004,P2001,
P1005,P2003,
P1006,P2004,
P1007,P2006,
P1008,P2010,
P1011,P2014,
P1012,P2016,
P1014,P2017,
P1017,P2020,
P1018,P2027,
P1019,P2028,
P1020,P2031,
P1021,P2032,
P1022,P2033,
P1023,P2040,
P1024,P2045,
P1025,P2047,
P1026,P2048,
P1027,P2053,
P1028,P2055,
P1030,P2060,
P1033,P2062,
P1034,P2069,
P1039,P2070,
P1041,P2076,
P1042,P2077,
P1043,P2086,
P1044,P2089,
P1045,P2090,
P1046,P2094,
P1047,P2097,
P1055,P2106,
P1057,P2110,
P1059,P2113,
P1064,P2121,
P1065,P2126,
P1067,P2127,
P1068,P2128,
P1072,P2133,
P1074,P2135,
P1075,P2142,
P1076,P2145,
P1079,P2155,
P1083,P2157,
P1085,P2158,
P1086,P2159,
P1088,P2162,
P1091,P2166,
P1092,P2167,
P1093,P2174,
P1094,P2176,
P1095,P2179,
P1096,P2181,
P1097,P2182,
P1098,P2183,
P1100,P2185,
P1101,P2186,
P1103,P2187,
P1106,P2188,
P1107,P2191,
P1108,P2198,
P1110,P2200,
P1111,P2203,
P1112,P2210,
P1113,P2213,
P1115,P2214,
P1116,P2217,
P1118,P2218,
P1123,P2221,
P1125,P2222,
P1126,P2224,
P1129,P2226,
P1130,P2227,
P1131,P2228,
P1133,P2230,
P1134,P2231,
P1136,P2233,
P1139,P2234,
P1140,P2237,
P1141,P2238,
P1142,P2239,
P1143,P2240,
P1144,P2241,
P1145,P2242,
P1147,P2244,
P1148,P2253,
P1150,P2261,
P1151,P2264,
P1153,P2269,
P1154,P2270,
P1155,P2274,
P1156,P2275,
P1157,P2278,
P1158,P2279,
P1159,P2289,
P1160,P2291,
P1161,P2292,
P1162,P2294,
P1163,P2305,
P1164,P2307,
P1165,P2310,
P1167,P2312,
P1168,P2313,
P1170,P2319,
P1171,P2321,
P1173,P2322,
P1174,P2332,
P1175,P2338,
P1176,P2341,
P1177,P2345,
P1179,P2351,
P1181,P2357,
P1183,P2359,
P1186,P2360,
P1192,P2361,
P1194,P2362,
P1198,P2364,
P1200,P2365,
P1202,P2366,
P1205,P2369,
P1206,P2379,
P1207,P2381,
P1208,P2384,
P1210,P2388,
P1212,P2396,
P1214,P2400,
P1217,P2402,
P1218,P2409,
P1219,P2414,
P1220,P2418,
P1221,P2421,
P1223,P2423,
P1228,P2426,
P1230,P2427,
P1232,P2430,
P1233,P2431,
P1236,P2444,
P1238,P2447,
P1239,P2455,
P1240,P2458,
P1241,P2460,
P1242,P2461,
P1244,P2462,
P1245,P2470,
P1248,P2475,
P1249,P2476,
P1250,P2481,
P1251,P2484,
P1252,P2485,
P1253,P2486,
P1256,P2489,
P1258,P2490,
P1259,P2498,
P1261,P2499,
P1263,P2513,
P1264,P2517,
P1265,P2519,
P1267,P2520,
P1268,P2521,
P1272,P2523,
P1273,P2539,
P1274,P2548,
P1275,P2556,
P1279,P2568,
P1280,P2574,
P1281,P2575,
P1283,P2577,
P1285,P2580,
P1286,P2581,
P1287,P2591,
P1288,P2593,
P1294,P2595,
P1295,P2599,
P1296,P2601,
P1297,P2602,
P1298,P2604,
P1300,P2619,
P1302,P2621,
P1304,P2626,
P1305,P2630,
P1306,P2632,
P1307,P2633,
P1309,P2634,
P1313,P2642,
P1315,P2643,
P1317,P2646,
P1318,P2647,
P1320,P2648,
P1321,P2649,
P1322,P2652,
P1323,P2653,
P1325,P2659,
P1326,P2660,
P1331,P2667,
P1333,P2672,
P1334,P2673,
P1335,P2682,
P1336,P2684,
P1337,P2687,
P1338,P2691,
P1339,P2692,
P1340,P2693,
P1344,P2694,
P1345,P2696,
P1347,P2698,
P1349,P2699,
P1351,P2703,
P1353,P2705,
P1354,P2712,
P1355,P2715,
P1356,P2718,
P1359,P2723,
P1362,P2725,
P1363,P2728,
P1366,P2733,
P1369,P2735,
P1372,P2736,
P1373,P2743,
P1376,P2752,
P1377,P2755,
P1378,P2756,
P1379,P2766,
P1380,P2770,
P1381,P2771,
P1382,P2774,
P1384,P2775,
P1387,P2778,
P1389,P2779,
P1391,P2785,
P1396,P2786,
P1398,P2789,
P1399,P2790,
P1400,P2793,
P1401,P2794,
P1403,P2798,
P1407,P2801,
P1408,P2805,
P1409,P2806,
P1412,P2807,
P1413,P2808,
P1414,P2809,
P1415,P2816,
P1416,P2821,
P1417,P2822,
P1418,P2823,
P1420,P2824,
P1421,P2826,
P1424,P2828,
P1425,P2835,
P1426,P2838,
P1428,P2844,
P1429,P2847,
P1433,P2851,
P1434,P2853,
P1436,P2857,
P1437,P2866,
P1440,P2874,
P1441,P2880,
P1442,P2882,
P1443,P2887,
P1444,P2888,
P1446,P2890,
P1448,P2892,
P1449,P2904,
P1450,P2906,
P1453,P2909,
P1454,P2910,
P1455,P2915,
P1456,P2917,
P1457,P2928,
P1458,P2935,
P1459,P2936,
P1460,P2937,
P1462,P2939,
P1466,P2942,
P1467,P2944,
P1469,P2946,
P1470,P2953,
P1472,P2957,
P1476,P2961,
P1478,P2963,
P1480,P2964,
P1482,P2965,
P1483,P2972,
P1485,P2973,
P1489,P2979,
P1492,P2980,
P1493,P2981,
P1495,P2983,
P1496,P2987,
P1498,P2989,
P1500,P2992,
P1503,P2995,
P1506,P2999,
P1507,,
P1508,,
P1510,,
P1513,,
P1518,,
P1520,,
P1521,,
P1522,,
P1523,,
P1524,,
P1525,,
P1526,,
P1527,,
P1531,,
P1533,,
P1535,,
P1536,,
P1537,,
P1540,,
P1543,,
P1544,,
P1546,,
P1547,,
P1549,,
P1551,,
P1552,,
P1554,,
P1556,,
P1557,,
P1558,,
P1559,,
P1560,,
P1564,,
P1565,,
P1568,,
P1570,,
P1571,,
P1573,,
P1574,,
P1575,,
P1576,,
P1577,,
P1578,,
P1579,,
P1582,,
P1583,,
P1588,,
P1590,,
P1591,,
P1593,,
P1594,,
P1596,,
P1597,,
P1598,,
P1601,,
P1602,,
P1604,,
P1605,,
P1606,,
P1607,,
P1609,,
P1610,,
P1612,,
P1613,,
P1615,,
P1616,,
P1617,,
P1618,,
P1620,,
P1621,,
P1622,,
P1623,,
P1624,,
P1625,,
P1626,,
P1628,,
P1629,,
P1630,,
P1631,,
P1633,,
P1636,,
P1638,,
P1641,,
P1642,,
P1643,,
P1644,,
P1645,,
P1647,,
P1648,,
P1649,,
P1651,,
P1652,,
P1654,,
P1656,,
P1658,,
P1659,,
P1661,,
P1663,,
P1664,,
P1665,,
P1667,,
P1669,,
P1672,,
P1673,,
P1674,,
P1675,,
P1677,,
P1679,,
P1681,,
P1683,,
P1685,,
P1687,,
P1688,,
P1690,,
P1691,,
P1692,,
P1694,,
P1695,,
P1697,,
P1698,,
P1702,,
P1703,,
P1708,,
P1709,,
P1710,,
P1711,,
P1714,,
P1715,,
P1720,,
P1721,,
P1723,,
P1727,,
P1729,,
P1730,,
P1731,,
P1732,,
P1736,,
P1737,,
P1738,,
P1741,,
P1742,,
P1743,,
P1744,,
P1745,,
P1747,,
P1748,,
P1749,,
P1750,,
P1752,,
P1753,,
P1754,,
P1755,,
P1756,,
P1757,,
P1758,,
P1759,,
P1761,,
P1764,,
P1765,,
P1767,,
P1768,,
P1769,,
P1771,,
P1772,,
P1774,,
P1775,,
P1778,,
P1779,,
P1780,,
P1781,,
P1782,,
P1785,,
P1786,,
P1788,,
P1790,,
P1794,,
P1795,,
P1798,,
P1799,,
P1800,,
P1801,,
P1802,,
P1803,,
P1804,,
P1805,,
P1806,,
P1809,,
P1810,,
P1818,,
P1821,,
P1822,,
P1824,,
P1825,,
P1827,,
P1828,,
P1829,,
P1830,,
P1831,,
P1832,,
P1834,,
P1836,,
P1839,,
P1840,,
P1842,,
P1844,,
P1845,,
P1847,,
P1848,,
P1849,,
P1850,,
P1851,,
P1852,,
P1853,,
P1857,,
P1858,,
P1860,,
P1861,,
P1865,,
P1867,,
P1869,,
P1875,,
P1876,,
P1877,,
P1879,,
P1881,,
P1885,,
P1886,,
P1887,,
P1888,,
P1889,,
P1890,,
P1891,,
P1892,,
P1893,,
P1894,,
P1897,,
P1899,,
P1901,,
P1902,,
P1903,,
P1906,,
P1907,,
P1909,,
P1910,,
P1911,,
P1912,,
P1913,,
P1914,,
P1916,,
P1918,,
P1920,,
P1921,,
P1922,,
P1923,,
P1924,,
P1926,,
P1929,,
P1930,,
P1931,,
P1932,,
P1933,,
P1934,,
P1935,,
P1938,,
P1939,,
P1943,,
P1944,,
P1945,,
P1947,,
P1948,,
P1949,,
P1952,,
P1953,,
P1957,,
P1958,,
P1959,,
P1960,,
P1961,,
P1967,,
P1968,,
P1970,,
P1973,,
P1976,,
P1977,,
P1979,,
P1984,,
P1985,,
P1986,,
P1987,,
P1989,,
P1991,,
P1992,,
P1993,,
P1995,,
P1997,,
P2000,,
P2002,,
P2005,,
P2007,,
P2009,,
P2011,,
P2012,,
P2013,,
P2015,,
P2019,,
P2021,,
P2022,,
P2023,,
P2025,,
P2026,,
P2029,,
P2034,,
P2035,,
P2037,,
P2038,,
P2039,,
P2041,,
P2042,,
P2043,,
P2044,,
P2046,,
P2049,,
P2050,,
P2051,,
P2052,,
P2054,,
P2056,,
P2057,,
P2058,,
P2061,,
P2063,,
P2064,,
P2065,,
P2066,,
P2067,,
P2068,,
P2071,,
P2072,,
P2073,,
P2074,,
P2078,,
P2080,,
P2081,,
P2082,,
P2083,,
P2084,,
P2085,,
P2087,,
P2088,,
P2091,,
P2093,,
P2095,,
P2096,,
P2098,,
P2099,,
P2100,,
P2101,,
P2102,,
P2103,,
P2104,,
P2105,,
P2107,,
P2109,,
P2111,,
P2112,,
P2114,,
P2115,,
P2116,,
P2118,,
P2119,,
P2120,,
P2122,,
P2123,,
P2124,,
P2125,,
P2129,,
P2130,,
P2131,,
P2132,,
P2134,,
P2136,,
P2137,,
P2138,,
P2139,,
P2140,,
P2141,,
P2144,,
P2146,,
P2147,,
P2148,,
P2149,,
P2150,,
P2151,,
P2152,,
P2153,,
P2156,,
P2160,,
P2161,,
P2163,,
P2164,,
P2165,,
P2168,,
P2169,,
P2170,,
P2171,,
P2172,,
P2173,,
P2175,,
P2177,,
P2178,,
P2180,,
P2184,,
P2189,,
P2190,,
P2192,,
P2195,,
P2196,,
P2197,,
P2199,,
P2201,,
P2202,,
P2204,,
P2205,,
P2206,,
P2208,,
P2209,,
P2212,,
P2219,,
P2220,,
P2223,,
P2225,,
P2229,,
P2235,,
P2236,,
P2243,,
P2245,,
P2246,,
P2247,,
P2249,,
P2251,,
P2252,,
P2254,,
P2255,,
P2256,,
P2258,,
P2259,,
P2260,,
P2262,,
P2263,,
P2265,,
P2267,,
P2268,,
P2271,,
P2272,,
P2273,,
P2276,,
P2277,,
P2280,,
P2281,,
P2282,,
P2283,,
P2284,,
P2285,,
P2286,,
P2287,,
P2290,,
P2293,,
P2295,,
P2296,,
P2297,,
P2300,,
P2301,,
P2302,,
P2303,,
P2308,,
P2315,,
P2316,,
P2317,,
P2318,,
P2320,,
P2323,,
P2324,,
P2325,,
P2326,,
P2328,,
P2329,,
P2330,,
P2331,,
P2333,,
P2334,,
P2335,,
P2336,,
P2337,,
P2339,,
P2340,,
P2343,,
P2344,,
P2346,,
P2347,,
P2348,,
P2349,,
P2352,,
P2353,,
P2354,,
P2355,,
P2356,,
P2368,,
P2370,,
P2372,,
P2374,,
P2375,,
P2377,,
P2378,,
P2380,,
P2382,,
P2383,,
P2386,,
P2387,,
P2389,,
P2390,,
P2392,,
P2394,,
P2395,,
P2397,,
P2398,,
P2399,,
P2401,,
P2403,,
P2404,,
P2405,,
P2406,,
P2407,,
P2410,,
P2411,,
P2413,,
P2415,,
P2416,,
P2417,,
P2419,,
P2420,,
P2422,,
P2424,,
P2425,,
P2428,,
P2432,,
P2433,,
P2435,,
P2436,,
P2437,,
P2441,,
P2442,,
P2443,,
P2445,,
P2446,,
P2448,,
P2449,,
P2450,,
P2451,,
P2452,,
P2453,,
P2454,,
P2456,,
P2457,,
P2459,,
P2463,,
P2464,,
P2465,,
P2467,,
P2468,,
P2469,,
P2471,,
P2473,,
P2474,,
P2477,,
P2478,,
P2479,,
P2480,,
P2482,,
P2483,,
P2487,,
P2488,,
P2491,,
P2492,,
P2493,,
P2494,,
P2495,,
P2496,,
P2497,,
P2501,,
P2504,,
P2506,,
P2507,,
P2508,,
P2509,,
P2511,,
P2512,,
P2515,,
P2516,,
P2518,,
P2522,,
P2524,,
P2525,,
P2527,,
P2528,,
P2529,,
P2530,,
P2531,,
P2532,,
P2533,,
P2535,,
P2536,,
P2537,,
P2538,,
P2540,,
P2541,,
P2542,,
P2543,,
P2544,,
P2545,,
P2546,,
P2547,,
P2549,,
P2550,,
P2551,,
P2552,,
P2553,,
P2554,,
P2555,,
P2557,,
P2558,,
P2559,,
P2560,,
P2561,,
P2562,,
P2563,,
P2564,,
P2566,,
P2567,,
P2569,,
P2572,,
P2573,,
P2576,,
P2578,,
P2582,,
P2583,,
P2584,,
P2585,,
P2586,,
P2587,,
P2588,,
P2589,,
P2590,,
P2592,,
P2594,,
P2597,,
P2598,,
P2603,,
P2605,,
P2606,,
P2608,,
P2609,,
P2611,,
P2612,,
P2613,,
P2614,,
P2617,,
P2618,,
P2622,,
P2623,,
P2624,,
P2625,,
P2627,,
P2628,,
P2629,,
P2631,,
P2635,,
P2636,,
P2637,,
P2638,,
P2639,,
P2640,,
P2641,,
P2644,,
P2645,,
P2650,,
P2651,,
P2655,,
P2657,,
P2658,,
P2661,,
P2662,,
P2663,,
P2664,,
P2665,,
P2666,,
P2668,,
P2669,,
P2670,,
P2671,,
P2675,,
P2676,,
P2677,,
P2678,,
P2679,,
P2680,,
P2681,,
P2683,,
P2685,,
P2686,,
P2688,,
P2689,,
P2690,,
P2697,,
P2700,,
P2701,,
P2702,,
P2706,,
P2707,,
P2708,,
P2710,,
P2711,,
P2713,,
P2714,,
P2716,,
P2717,,
P2719,,
P2720,,
P2724,,
P2727,,
P2729,,
P2731,,
P2732,,
P2734,,
P2737,,
P2738,,
P2739,,
P2740,,
P2741,,
P2742,,
P2744,,
P2745,,
P2746,,
P2747,,
P2749,,
P2750,,
P2751,,
P2753,,
P2754,,
P2758,,
P2759,,
P2760,,
P2761,,
P2762,,
P2763,,
P2764,,
P2765,,
P2767,,
P2768,,
P2769,,
P2772,,
P2776,,
P2780,,
P2781,,
P2782,,
P2783,,
P2784,,
P2787,,
P2788,,
P2791,,
P2792,,
P2795,,
P2797,,
P2799,,
P2802,,
P2803,,
P2804,,
P2810,,
P2811,,
P2812,,
P2813,,
P2814,,
P2815,,
P2817,,
P2818,,
P2819,,
P2820,,
P2825,,
P2827,,
P2829,,
P2830,,
P2831,,
P2832,,
P2833,,
P2834,,
P2837,,
P2839,,
P2840,,
P2842,,
P2843,,
P2845,,
P2846,,
P2848,,
P2850,,
P2852,,
P2854,,
P2855,,
P2856,,
P2858,,
P2859,,
P2860,,
P2861,,
P2862,,
P2863,,
P2864,,
P2865,,
P2867,,
P2868,,
P2869,,
P2871,,
P2872,,
P2873,,
P2875,,
P2876,,
P2877,,
P2878,,
P2879,,
P2881,,
P2883,,
P2885,,
P2886,,
P2889,,
P2891,,
P2893,,
P2894,,
P2896,,
P2897,,
P2898,,
P2899,,
P2900,,
P2901,,
P2902,,
P2907,,
P2908,,
P2911,,
P2912,,
P2913,,
P2914,,
P2916,,
P2918,,
P2919,,
P2920,,
P2921,,
P2923,,
P2924,,
P2925,,
P2926,,
P2927,,
P2929,,
P2930,,
P2931,,
P2932,,
P2933,,
P2934,,
P2938,,
P2940,,
P2941,,
P2943,,
P2945,,
P2947,,
P2948,,
P2949,,
P2951,,
P2952,,
P2954,,
P2955,,
P2956,,
P2959,,
P2960,,
P2962,,
P2966,,
P2968,,
P2969,,
P2970,,
P2971,,
P2974,,
P2975,,
P2976,,
P2977,,
P2978,,
P2982,,
P2984,,
P2985,,
P2986,,
P2988,,
P2993,,
P2994,,
P2996,,
P2997,,
P2998,,
P3000,,
