Paragraph_ID,Split
P0001,train
P0006,train
P0007,train
P0010,train
P0011,train
P0015,train
P0016,train
P0017,train
P0021,train
P0022,train
P0023,train
P0026,train
P0027,train
P0032,train
P0034,train
P0035,train
P0036,train
P0037,train
P0038,train
P0039,train
P0042,train
P0043,train
P0044,train
P0047,train
P0048,train
P0049,train
P0050,train
P0052,train
P0053,train
P0055,train
P0056,train
P0057,train
P0058,train
P0060,train
P0061,train
P0062,train
P0063,train
P0064,train
P0065,train
P0066,train
P0068,train
P0070,train
P0071,train
P0072,train
P0073,train
P0074,train
P0076,train
P0077,train
P0078,train
P0080,train
P0081,train
P0082,train
P0084,train
P0088,train
P0091,train
P0093,train
P0094,train
P0095,train
P0096,train
P0099,train
P0100,train
P0101,train
P0104,train
P0105,train
P0106,train
P0107,train
P0109,train
P0111,train
P0112,train
P0113,train
P0115,train
P0116,train
P0117,train
P0119,train
P0120,train
P0121,train
P0122,train
P0125,train
P0126,train
P0128,train
P0129,train
P0131,train
P0132,train
P0135,train
P0136,train
P0137,train
P0139,train
P0140,train
P0141,train
P0144,train
P0145,train
P0146,train
P0150,train
P0152,train
P0155,train
P0156,train
P0157,train
P0158,train
P0159,train
P0160,train
P0163,train
P0164,train
P0167,train
P0168,train
P0169,train
P0170,train
P0172,train
P0175,train
P0176,train
P0177,train
P0179,train
P0180,train
P0182,train
P0184,train
P0186,train
P0187,train
P0188,train
P0193,train
P0194,train
P0197,train
P0199,train
P0202,train
P0210,train
P0211,train
P0212,train
P0213,train
P0215,train
P0216,train
P0217,train
P0218,train
P0219,train
P0223,train
P0224,train
P0226,train
P0227,train
P0228,train
P0229,train
P0230,train
P0231,train
P0232,train
P0236,train
P0238,train
P0239,train
P0240,train
P0241,train
P0242,train
P0243,train
P0245,train
P0247,train
P0248,train
P0249,train
P0252,train
P0254,train
P0255,train
P0256,train
P0258,train
P0262,train
P0263,train
P0264,train
P0267,train
P0268,train
P0271,train
P0272,train
P0273,train
P0274,train
P0275,train
P0284,train
P0285,train
P0286,train
P0287,train
P0288,train
P0289,train
P0290,train
P0291,train
P0292,train
P0293,train
P0294,train
P0295,train
P0296,train
P0298,train
P0299,train
P0300,train
P0301,train
P0302,train
P0303,train
P0304,train
P0306,train
P0307,train
P0309,train
P0313,train
P0314,train
P0317,train
P0318,train
P0319,train
P0321,train
P0325,train
P0326,train
P0327,train
P0328,train
P0331,train
P0332,train
P0333,train
P0336,train
P0338,train
P0340,train
P0341,train
P0342,train
P0344,train
P0345,train
P0346,train
P0347,train
P0348,train
P0350,train
P0351,train
P0352,train
P0353,train
P0355,train
P0356,train
P0357,train
P0358,train
P0359,train
P0360,train
P0362,train
P0363,train
P0365,train
P0366,train
P0367,train
P0370,train
P0371,train
P0373,train
P0374,train
P0375,train
P0376,train
P0378,train
P0381,train
P0382,train
P0383,train
P0384,train
P0385,train
P0386,train
P0388,train
P0390,train
P0391,train
P0392,train
P0393,train
P0394,train
P0396,train
P0397,train
P0398,train
P0400,train
P0402,train
P0403,train
P0404,train
P0405,train
P0406,train
P0407,train
P0408,train
P0410,train
P0411,train
P0412,train
P0414,train
P0416,train
P0418,train
P0419,train
P0420,train
P0421,train
P0422,train
P0423,train
P0426,train
P0427,train
P0428,train
P0429,train
P0430,train
P0435,train
P0437,train
P0439,train
P0441,train
P0445,train
P0446,train
P0449,train
P0451,train
P0452,train
P0454,train
P0455,train
P0456,train
P0458,train
P0461,train
P0462,train
P0463,train
P0466,train
P0467,train
P0468,train
P0469,train
P0472,train
P0473,train
P0475,train
P0476,train
P0478,train
P0479,train
P0482,train
P0485,train
P0489,train
P0490,train
P0491,train
P0492,train
P0495,train
P0496,train
P0497,train
P0499,train
P0500,train
P0501,train
P0502,train
P0505,train
P0506,train
P0508,train
P0511,train
P0512,train
P0513,train
P0514,train
P0515,train
P0516,train
P0519,train
P0521,train
P0523,train
P0525,train
P0526,train
P0531,train
P0533,train
P0534,train
P0536,train
P0538,train
P0541,train
P0543,train
P0544,train
P0545,train
P0546,train
P0547,train
P0548,train
P0549,train
P0550,train
P0553,train
P0554,train
P0555,train
P0557,train
P0558,train
P0559,train
P0561,train
P0562,train
P0563,train
P0566,train
P0571,train
P0572,train
P0574,train
P0576,train
P0578,train
P0579,train
P0580,train
P0581,train
P0582,train
P0583,train
P0584,train
P0586,train
P0591,train
P0592,train
P0593,train
P0594,train
P0595,train
P0597,train
P0599,train
P0600,train
P0602,train
P0605,train
P0606,train
P0607,train
P0608,train
P0609,train
P0614,train
P0615,train
P0616,train
P0617,train
P0620,train
P0623,train
P0625,train
P0627,train
P0628,train
P0629,train
P0630,train
P0632,train
P0635,train
P0639,train
P0640,train
P0645,train
P0646,train
P0647,train
P0650,train
P0651,train
P0652,train
P0654,train
P0655,train
P0656,train
P0660,train
P0661,train
P0663,train
P0664,train
P0665,train
P0667,train
P0668,train
P0670,train
P0671,train
P0672,train
P0675,train
P0676,train
P0678,train
P0679,train
P0681,train
P0682,train
P0684,train
P0686,train
P0689,train
P0690,train
P0691,train
P0692,train
P0693,train
P0695,train
P0696,train
P0697,train
P0701,train
P0702,train
P0705,train
P0706,train
P0707,train
P0708,train
P0709,train
P0710,train
P0712,train
P0713,train
P0714,train
P0717,train
P0719,train
P0720,train
P0722,train
P0723,train
P0724,train
P0726,train
P0728,train
P0729,train
P0730,train
P0732,train
P0735,train
P0737,train
P0739,train
P0740,train
P0741,train
P0742,train
P0745,train
P0746,train
P0749,train
P0752,train
P0753,train
P0754,train
P0756,train
P0758,train
P0759,train
P0760,train
P0761,train
P0763,train
P0764,train
P0765,train
P0766,train
P0768,train
P0769,train
P0772,train
P0773,train
P0774,train
P0775,train
P0776,train
P0777,train
P0778,train
P0779,train
P0780,train
P0781,train
P0783,train
P0784,train
P0787,train
P0788,train
P0789,train
P0792,train
P0794,train
P0795,train
P0796,train
P0800,train
P0802,train
P0803,train
P0807,train
P0808,train
P0811,train
P0812,train
P0817,train
P0818,train
P0819,train
P0823,train
P0825,train
P0826,train
P0827,train
P0828,train
P0831,train
P0832,train
P0833,train
P0834,train
P0836,train
P0837,train
P0838,train
P0839,train
P0841,train
P0842,train
P0844,train
P0845,train
P0846,train
P0847,train
P0849,train
P0850,train
P0851,train
P0853,train
P0855,train
P0859,train
P0860,train
P0864,train
P0866,train
P0867,train
P0869,train
P0871,train
P0873,train
P0876,train
P0877,train
P0878,train
P0879,train
P0880,train
P0881,train
P0883,train
P0886,train
P0888,train
P0890,train
P0891,train
P0893,train
P0894,train
P0896,train
P0897,train
P0898,train
P0899,train
P0901,train
P0906,train
P0908,train
P0909,train
P0910,train
P0911,train
P0914,train
P0917,train
P0919,train
P0921,train
P0923,train
P0924,train
P0926,train
P0927,train
P0929,train
P0930,train
P0931,train
P0932,train
P0933,train
P0934,train
P0936,train
P0939,train
P0940,train
P0942,train
P0943,train
P0947,train
P0948,train
P0949,train
P0950,train
P0952,train
P0953,train
P0955,train
P0956,train
P0958,train
P0961,train
P0962,train
P0964,train
P0968,train
P0970,train
P0971,train
P0972,train
P0978,train
P0979,train
P0981,train
P0982,train
P0983,train
P0986,train
P0988,train
P0989,train
P0991,train
P0992,train
P0993,train
P0995,train
P0997,train
P1000,train
P1001,train
P1002,train
P1004,train
P1005,train
P1006,train
P1007,train
P1008,train
P1011,train
P1012,train
P1014,train
P1017,train
P1018,train
P1019,train
P1020,train
P1021,train
P1022,train
P1023,train
P1024,train
P1025,train
P1026,train
P1027,train
P1028,train
P1030,train
P1033,train
P1034,train
P1039,train
P1041,train
P1042,train
P1043,train
P1044,train
P1045,train
P1046,train
P1047,train
P1055,train
P1057,train
P1059,train
P1064,train
P1065,train
P1067,train
P1068,train
P1072,train
P1074,train
P1075,train
P1076,train
P1079,train
P1083,train
P1085,train
P1086,train
P1088,train
P1091,train
P1092,train
P1093,train
P1094,train
P1095,train
P1096,train
P1097,train
P1098,train
P1100,train
P1101,train
P1103,train
P1106,train
P1107,train
P1108,train
P1110,train
P1111,train
P1112,train
P1113,train
P1115,train
P1116,train
P1118,train
P1123,train
P1125,train
P1126,train
P1129,train
P1130,train
P1131,train
P1133,train
P1134,train
P1136,train
P1139,train
P1140,train
P1141,train
P1142,train
P1143,train
P1144,train
P1145,train
P1147,train
P1148,train
P1150,train
P1151,train
P1153,train
P1154,train
P1155,train
P1156,train
P1157,train
P1158,train
P1159,train
P1160,train
P1161,train
P1162,train
P1163,train
P1164,train
P1165,train
P1167,train
P1168,train
P1170,train
P1171,train
P1173,train
P1174,train
P1175,train
P1176,train
P1177,train
P1179,train
P1181,train
P1183,train
P1186,train
P1192,train
P1194,train
P1198,train
P1200,train
P1202,train
P1205,train
P1206,train
P1207,train
P1208,train
P1210,train
P1212,train
P1214,train
P1217,train
P1218,train
P1219,train
P1220,train
P1221,train
P1223,train
P1228,train
P1230,train
P1232,train
P1233,train
P1236,train
P1238,train
P1239,train
P1240,train
P1241,train
P1242,train
P1244,train
P1245,train
P1248,train
P1249,train
P1250,train
P1251,train
P1252,train
P1253,train
P1256,train
P1258,train
P1259,train
P1261,train
P1263,train
P1264,train
P1265,train
P1267,train
P1268,train
P1272,train
P1273,train
P1274,train
P1275,train
P1279,train
P1280,train
P1281,train
P1283,train
P1285,train
P1286,train
P1287,train
P1288,train
P1294,train
P1295,train
P1296,train
P1297,train
P1298,train
P1300,train
P1302,train
P1304,train
P1305,train
P1306,train
P1307,train
P1309,train
P1313,train
P1315,train
P1317,train
P1318,train
P1320,train
P1321,train
P1322,train
P1323,train
P1325,train
P1326,train
P1331,train
P1333,train
P1334,train
P1335,train
P1336,train
P1337,train
P1338,train
P1339,train
P1340,train
P1344,train
P1345,train
P1347,train
P1349,train
P1351,train
P1353,train
P1354,train
P1355,train
P1356,train
P1359,train
P1362,train
P1363,train
P1366,train
P1369,train
P1372,train
P1373,train
P1376,train
P1377,train
P1378,train
P1379,train
P1380,train
P1381,train
P1382,train
P1384,train
P1387,train
P1389,train
P1391,train
P1396,train
P1398,train
P1399,train
P1400,train
P1401,train
P1403,train
P1407,train
P1408,train
P1409,train
P1412,train
P1413,train
P1414,train
P1415,train
P1416,train
P1417,train
P1418,train
P1420,train
P1421,train
P1424,train
P1425,train
P1426,train
P1428,train
P1429,train
P1433,train
P1434,train
P1436,train
P1437,train
P1440,train
P1441,train
P1442,train
P1443,train
P1444,train
P1446,train
P1448,train
P1449,train
P1450,train
P1453,train
P1454,train
P1455,train
P1456,train
P1457,train
P1458,train
P1459,train
P1460,train
P1462,train
P1466,train
P1467,train
P1469,train
P1470,train
P1472,train
P1476,train
P1478,train
P1480,train
P1482,train
P1483,train
P1485,train
P1489,train
P1492,train
P1493,train
P1495,train
P1496,train
P1498,train
P1500,train
P1503,train
P1506,train
P1507,train
P1508,train
P1510,train
P1513,train
P1518,train
P1520,train
P1521,train
P1522,train
P1523,train
P1524,train
P1525,train
P1526,train
P1527,train
P1531,train
P1533,train
P1535,train
P1536,train
P1537,train
P1540,train
P1543,train
P1544,train
P1546,train
P1547,train
P1549,train
P1551,train
P1552,train
P1554,train
P1556,train
P1557,train
P1558,train
P1559,train
P1560,train
P1564,train
P1565,train
P1568,train
P1570,train
P1571,train
P1573,train
P1574,train
P1575,train
P1576,train
P1577,train
P1578,train
P1579,train
P1582,train
P1583,train
P1588,train
P1590,train
P1591,train
P1593,train
P1594,train
P1596,train
P1597,train
P1598,train
P1601,train
P1602,train
P1604,train
P1605,train
P1606,train
P1607,train
P1609,train
P1610,train
P1612,train
P1613,train
P1615,train
P1616,train
P1617,train
P1618,train
P1620,train
P1621,train
P1622,train
P1623,train
P1624,train
P1625,train
P1626,train
P1628,train
P1629,train
P1630,train
P1631,train
P1633,train
P1636,train
P1638,train
P1641,train
P1642,train
P1643,train
P1644,train
P1645,train
P1647,train
P1648,train
P1649,train
P1651,train
P1652,train
P1654,train
P1656,train
P1658,train
P1659,train
P1661,train
P1663,train
P1664,train
P1665,train
P1667,train
P1669,train
P1672,train
P1673,train
P1674,train
P1675,train
P1677,train
P1679,train
P1681,train
P1683,train
P1685,train
P1687,train
P1688,train
P1690,train
P1691,train
P1692,train
P1694,train
P1695,train
P1697,train
P1698,train
P1702,train
P1703,train
P1708,train
P1709,train
P1710,train
P1711,train
P1714,train
P1715,train
P1720,train
P1721,train
P1723,train
P1727,train
P1729,train
P1730,train
P1731,train
P1732,train
P1736,train
P1737,train
P1738,train
P1741,train
P1742,train
P1743,train
P1744,train
P1745,train
P1747,train
P1748,train
P1749,train
P1750,train
P1752,train
P1753,train
P1754,train
P1755,train
P1756,train
P1757,train
P1758,train
P1759,train
P1761,train
P1764,train
P1765,train
P1767,train
P1768,train
P1769,train
P1771,train
P1772,train
P1774,train
P1775,train
P1778,train
P1779,train
P1780,train
P1781,train
P1782,train
P1785,train
P1786,train
P1788,train
P1790,train
P1794,train
P1795,train
P1798,train
P1799,train
P1800,train
P1801,train
P1802,train
P1803,train
P1804,train
P1805,train
P1806,train
P1809,train
P1810,train
P1818,train
P1821,train
P1822,train
P1824,train
P1825,train
P1827,train
P1828,train
P1829,train
P1830,train
P1831,train
P1832,train
P1834,train
P1836,train
P1839,train
P1840,train
P1842,train
P1844,train
P1845,train
P1847,train
P1848,train
P1849,train
P1850,train
P1851,train
P1852,train
P1853,train
P1857,train
P1858,train
P1860,train
P1861,train
P1865,train
P1867,train
P1869,train
P1875,train
P1876,train
P1877,train
P1879,train
P1881,train
P1885,train
P1886,train
P1887,train
P1888,train
P1889,train
P1890,train
P1891,train
P1892,train
P1893,train
P1894,train
P1897,train
P1899,train
P1901,train
P1902,train
P1903,train
P1906,train
P1907,train
P1909,train
P1910,train
P1911,train
P1912,train
P1913,train
P1914,train
P1916,train
P1918,train
P1920,train
P1921,train
P1922,train
P1923,train
P1924,train
P1926,train
P1929,train
P1930,train
P1931,train
P1932,train
P1933,train
P1934,train
P1935,train
P1938,train
P1939,train
P1943,train
P1944,train
P1945,train
P1947,train
P1948,train
P1949,train
P1952,train
P1953,train
P1957,train
P1958,train
P1959,train
P1960,train
P1961,train
P1967,train
P1968,train
P1970,train
P1973,train
P1976,train
P1977,train
P1979,train
P1984,train
P1985,train
P1986,train
P1987,train
P1989,train
P1991,train
P1992,train
P1993,train
P1995,train
P1997,train
P2000,train
P2002,train
P2005,train
P2007,train
P2009,train
P2011,train
P2012,train
P2013,train
P2015,train
P2019,train
P2021,train
P2022,train
P2023,train
P2025,train
P2026,train
P2029,train
P2034,train
P2035,train
P2037,train
P2038,train
P2039,train
P2041,train
P2042,train
P2043,train
P2044,train
P2046,train
P2049,train
P2050,train
P2051,train
P2052,train
P2054,train
P2056,train
P2057,train
P2058,train
P2061,train
P2063,train
P2064,train
P2065,train
P2066,train
P2067,train
P2068,train
P2071,train
P2072,train
P2073,train
P2074,train
P2078,train
P2080,train
P2081,train
P2082,train
P2083,train
P2084,train
P2085,train
P2087,train
P2088,train
P2091,train
P2093,train
P2095,train
P2096,train
P2098,train
P2099,train
P2100,train
P2101,train
P2102,train
P2103,train
P2104,train
P2105,train
P2107,train
P2109,train
P2111,train
P2112,train
P2114,train
P2115,train
P2116,train
P2118,train
P2119,train
P2120,train
P2122,train
P2123,train
P2124,train
P2125,train
P2129,train
P2130,train
P2131,train
P2132,train
P2134,train
P2136,train
P2137,train
P2138,train
P2139,train
P2140,train
P2141,train
P2144,train
P2146,train
P2147,train
P2148,train
P2149,train
P2150,train
P2151,train
P2152,train
P2153,train
P2156,train
P2160,train
P2161,train
P2163,train
P2164,train
P2165,train
P2168,train
P2169,train
P2170,train
P2171,train
P2172,train
P2173,train
P2175,train
P2177,train
P2178,train
P2180,train
P2184,train
P2189,train
P2190,train
P2192,train
P2195,train
P2196,train
P2197,train
P2199,train
P2201,train
P2202,train
P2204,train
P2205,train
P2206,train
P2208,train
P2209,train
P2212,train
P2219,train
P2220,train
P2223,train
P2225,train
P2229,train
P2235,train
P2236,train
P2243,train
P2245,train
P2246,train
P2247,train
P2249,train
P2251,train
P2252,train
P2254,train
P2255,train
P2256,train
P2258,train
P2259,train
P2260,train
P2262,train
P2263,train
P2265,train
P2267,train
P2268,train
P2271,train
P2272,train
P2273,train
P2276,train
P2277,train
P2280,train
P2281,train
P2282,train
P2283,train
P2284,train
P2285,train
P2286,train
P2287,train
P2290,train
P2293,train
P2295,train
P2296,train
P2297,train
P2300,train
P2301,train
P2302,train
P2303,train
P2308,train
P2315,train
P2316,train
P2317,train
P2318,train
P2320,train
P2323,train
P2324,train
P2325,train
P2326,train
P2328,train
P2329,train
P2330,train
P2331,train
P2333,train
P2334,train
P2335,train
P2336,train
P2337,train
P2339,train
P2340,train
P2343,train
P2344,train
P2346,train
P2347,train
P2348,train
P2349,train
P2352,train
P2353,train
P2354,train
P2355,train
P2356,train
P2368,train
P2370,train
P2372,train
P2374,train
P2375,train
P2377,train
P2378,train
P2380,train
P2382,train
P2383,train
P2386,train
P2387,train
P2389,train
P2390,train
P2392,train
P2394,train
P2395,train
P2397,train
P2398,train
P2399,train
P2401,train
P2403,train
P2404,train
P2405,train
P2406,train
P2407,train
P2410,train
P2411,train
P2413,train
P2415,train
P2416,train
P2417,train
P2419,train
P2420,train
P2422,train
P2424,train
P2425,train
P2428,train
P2432,train
P2433,train
P2435,train
P2436,train
P2437,train
P2441,train
P2442,train
P2443,train
P2445,train
P2446,train
P2448,train
P2449,train
P2450,train
P2451,train
P2452,train
P2453,train
P2454,train
P2456,train
P2457,train
P2459,train
P2463,train
P2464,train
P2465,train
P2467,train
P2468,train
P2469,train
P2471,train
P2473,train
P2474,train
P2477,train
P2478,train
P2479,train
P2480,train
P2482,train
P2483,train
P2487,train
P2488,train
P2491,train
P2492,train
P2493,train
P2494,train
P2495,train
P2496,train
P2497,train
P2501,train
P2504,train
P2506,train
P2507,train
P2508,train
P2509,train
P2511,train
P2512,train
P2515,train
P2516,train
P2518,train
P2522,train
P2524,train
P2525,train
P2527,train
P2528,train
P2529,train
P2530,train
P2531,train
P2532,train
P2533,train
P2535,train
P2536,train
P2537,train
P2538,train
P2540,train
P2541,train
P2542,train
P2543,train
P2544,train
P2545,train
P2546,train
P2547,train
P2549,train
P2550,train
P2551,train
P2552,train
P2553,train
P2554,train
P2555,train
P2557,train
P2558,train
P2559,train
P2560,train
P2561,train
P2562,train
P2563,train
P2564,train
P2566,train
P2567,train
P2569,train
P2572,train
P2573,train
P2576,train
P2578,train
P2582,train
P2583,train
P2584,train
P2585,train
P2586,train
P2587,train
P2588,train
P2589,train
P2590,train
P2592,train
P2594,train
P2597,train
P2598,train
P2603,train
P2605,train
P2606,train
P2608,train
P2609,train
P2611,train
P2612,train
P2613,train
P2614,train
P2617,train
P2618,train
P2622,train
P2623,train
P2624,train
P2625,train
P2627,train
P2628,train
P2629,train
P2631,train
P2635,train
P2636,train
P2637,train
P2638,train
P2639,train
P2640,train
P2641,train
P2644,train
P2645,train
P2650,train
P2651,train
P2655,train
P2657,train
P2658,train
P2661,train
P2662,train
P2663,train
P2664,train
P2665,train
P2666,train
P2668,train
P2669,train
P2670,train
P2671,train
P2675,train
P2676,train
P2677,train
P2678,train
P2679,train
P2680,train
P2681,train
P2683,train
P2685,train
P2686,train
P2688,train
P2689,train
P2690,train
P2697,train
P2700,train
P2701,train
P2702,train
P2706,train
P2707,train
P2708,train
P2710,train
P2711,train
P2713,train
P2714,train
P2716,train
P2717,train
P2719,train
P2720,train
P2724,train
P2727,train
P2729,train
P2731,train
P2732,train
P2734,train
P2737,train
P2738,train
P2739,train
P2740,train
P2741,train
P2742,train
P2744,train
P2745,train
P2746,train
P2747,train
P2749,train
P2750,train
P2751,train
P2753,train
P2754,train
P2758,train
P2759,train
P2760,train
P2761,train
P2762,train
P2763,train
P2764,train
P2765,train
P2767,train
P2768,train
P2769,train
P2772,train
P2776,train
P2780,train
P2781,train
P2782,train
P2783,train
P2784,train
P2787,train
P2788,train
P2791,train
P2792,train
P2795,train
P2797,train
P2799,train
P2802,train
P2803,train
P2804,train
P2810,train
P2811,train
P2812,train
P2813,train
P2814,train
P2815,train
P2817,train
P2818,train
P2819,train
P2820,train
P2825,train
P2827,train
P2829,train
P2830,train
P2831,train
P2832,train
P2833,train
P2834,train
P2837,train
P2839,train
P2840,train
P2842,train
P2843,train
P2845,train
P2846,train
P2848,train
P2850,train
P2852,train
P2854,train
P2855,train
P2856,train
P2858,train
P2859,train
P2860,train
P2861,train
P2862,train
P2863,train
P2864,train
P2865,train
P2867,train
P2868,train
P2869,train
P2871,train
P2872,train
P2873,train
P2875,train
P2876,train
P2877,train
P2878,train
P2879,train
P2881,train
P2883,train
P2885,train
P2886,train
P2889,train
P2891,train
P2893,train
P2894,train
P2896,train
P2897,train
P2898,train
P2899,train
P2900,train
P2901,train
P2902,train
P2907,train
P2908,train
P2911,train
P2912,train
P2913,train
P2914,train
P2916,train
P2918,train
P2919,train
P2920,train
P2921,train
P2923,train
P2924,train
P2925,train
P2926,train
P2927,train
P2929,train
P2930,train
P2931,train
P2932,train
P2933,train
P2934,train
P2938,train
P2940,train
P2941,train
P2943,train
P2945,train
P2947,train
P2948,train
P2949,train
P2951,train
P2952,train
P2954,train
P2955,train
P2956,train
P2959,train
P2960,train
P2962,train
P2966,train
P2968,train
P2969,train
P2970,train
P2971,train
P2974,train
P2975,train
P2976,train
P2977,train
P2978,train
P2982,train
P2984,train
P2985,train
P2986,train
P2988,train
P2993,train
P2994,train
P2996,train
P2997,train
P2998,train
P3000,train
P0002,test
P0003,test
P0004,test
P0005,test
P0008,test
P0009,test
P0012,test
P0014,test
P0018,test
P0020,test
P0024,test
P0025,test
P0028,test
P0030,test
P0031,test
P0033,test
P0040,test
P0045,test
P0046,test
P0054,test
P0059,test
P0067,test
P0069,test
P0075,test
P0083,test
P0085,test
P0086,test
P0087,test
P0089,test
P0090,test
P0092,test
P0097,test
P0102,test
P0103,test
P0110,test
P0114,test
P0118,test
P0123,test
P0124,test
P0127,test
P0130,test
P0133,test
P0138,test
P0142,test
P0147,test
P0148,test
P0149,test
P0151,test
P0154,test
P0161,test
P0162,test
P0165,test
P0166,test
P0171,test
P0173,test
P0174,test
P0178,test
P0181,test
P0189,test
P0190,test
P0191,test
P0195,test
P0200,test
P0201,test
P0203,test
P0204,test
P0205,test
P0206,test
P0207,test
P0208,test
P0214,test
P0220,test
P0222,test
P0225,test
P0233,test
P0234,test
P0237,test
P0246,test
P0250,test
P0259,test
P0260,test
P0261,test
P0265,test
P0266,test
P0276,test
P0277,test
P0278,test
P0281,test
P0282,test
P0283,test
P0305,test
P0310,test
P0311,test
P0315,test
P0316,test
P0322,test
P0323,test
P0324,test
P0329,test
P0330,test
P0334,test
P0335,test
P0343,test
P0349,test
P0354,test
P0361,test
P0364,test
P0368,test
P0369,test
P0372,test
P0377,test
P0379,test
P0380,test
P0387,test
P0395,test
P0401,test
P0409,test
P0413,test
P0415,test
P0417,test
P0424,test
P0425,test
P0431,test
P0432,test
P0434,test
P0436,test
P0438,test
P0440,test
P0442,test
P0444,test
P0447,test
P0448,test
P0450,test
P0453,test
P0459,test
P0460,test
P0465,test
P0470,test
P0474,test
P0477,test
P0480,test
P0483,test
P0484,test
P0486,test
P0487,test
P0488,test
P0493,test
P0504,test
P0507,test
P0509,test
P0510,test
P0517,test
P0518,test
P0520,test
P0524,test
P0527,test
P0530,test
P0532,test
P0535,test
P0537,test
P0539,test
P0542,test
P0551,test
P0552,test
P0556,test
P0565,test
P0567,test
P0568,test
P0569,test
P0570,test
P0573,test
P0577,test
P0585,test
P0587,test
P0596,test
P0598,test
P0603,test
P0604,test
P0610,test
P0612,test
P0613,test
P0618,test
P0621,test
P0622,test
P0624,test
P0626,test
P0634,test
P0636,test
P0637,test
P0641,test
P0643,test
P0644,test
P0649,test
P0653,test
P0657,test
P0659,test
P0662,test
P0666,test
P0669,test
P0673,test
P0674,test
P0677,test
P0685,test
P0687,test
P0688,test
P0694,test
P0698,test
P0699,test
P0703,test
P0704,test
P0711,test
P0715,test
P0716,test
P0718,test
P0721,test
P0725,test
P0727,test
P0734,test
P0736,test
P0743,test
P0747,test
P0750,test
P0751,test
P0757,test
P0762,test
P0770,test
P0771,test
P0782,test
P0785,test
P0786,test
P0791,test
P0793,test
P0797,test
P0798,test
P0799,test
P0801,test
P0804,test
P0806,test
P0809,test
P0810,test
P0813,test
P0814,test
P0815,test
P0820,test
P0821,test
P0822,test
P0824,test
P0829,test
P0830,test
P0840,test
P0843,test
P0854,test
P0857,test
P0861,test
P0862,test
P0865,test
P0868,test
P0870,test
P0872,test
P0874,test
P0875,test
P0882,test
P0884,test
P0892,test
P0895,test
P0900,test
P0902,test
P0903,test
P0904,test
P0905,test
P0907,test
P0912,test
P0915,test
P0920,test
P0922,test
P0925,test
P0928,test
P0935,test
P0941,test
P0945,test
P0951,test
P0954,test
P0957,test
P0959,test
P0960,test
P0963,test
P0965,test
P0966,test
P0969,test
P0973,test
P0974,test
P0976,test
P0977,test
P0985,test
P0987,test
P0990,test
P0994,test
P0996,test
P0998,test
P0999,test
P1010,test
P1015,test
P1016,test
P1029,test
P1031,test
P1032,test
P1035,test
P1036,test
P1037,test
P1038,test
P1040,test
P1049,test
P1050,test
P1051,test
P1052,test
P1053,test
P1056,test
P1058,test
P1060,test
P1061,test
P1066,test
P1069,test
P1071,test
P1073,test
P1077,test
P1078,test
P1080,test
P1081,test
P1084,test
P1089,test
P1090,test
P1099,test
P1102,test
P1104,test
P1105,test
P1114,test
P1117,test
P1119,test
P1120,test
P1121,test
P1122,test
P1127,test
P1128,test
P1132,test
P1137,test
P1146,test
P1149,test
P1172,test
P1178,test
P1180,test
P1182,test
P1187,test
P1188,test
P1189,test
P1191,test
P1195,test
P1196,test
P1197,test
P1201,test
P1204,test
P1209,test
P1215,test
P1224,test
P1227,test
P1229,test
P1231,test
P1234,test
P1235,test
P1237,test
P1243,test
P1247,test
P1254,test
P1255,test
P1257,test
P1260,test
P1262,test
P1266,test
P1269,test
P1270,test
P1271,test
P1278,test
P1282,test
P1290,test
P1291,test
P1292,test
P1299,test
P1301,test
P1303,test
P1308,test
P1310,test
P1311,test
P1312,test
P1314,test
P1319,test
P1327,test
P1328,test
P1330,test
P1341,test
P1343,test
P1350,test
P1357,test
P1358,test
P1360,test
P1364,test
P1367,test
P1368,test
P1370,test
P1371,test
P1374,test
P1375,test
P1383,test
P1385,test
P1386,test
P1388,test
P1390,test
P1392,test
P1393,test
P1397,test
P1402,test
P1405,test
P1411,test
P1419,test
P1423,test
P1430,test
P1431,test
P1432,test
P1435,test
P1438,test
P1439,test
P1447,test
P1451,test
P1463,test
P1464,test
P1465,test
P1468,test
P1471,test
P1473,test
P1474,test
P1475,test
P1477,test
P1479,test
P1481,test
P1484,test
P1486,test
P1487,test
P1488,test
P1490,test
P1497,test
P1502,test
P1505,test
P1509,test
P1514,test
P1515,test
P1516,test
P1528,test
P1529,test
P1530,test
P1532,test
P1538,test
P1539,test
P1541,test
P1545,test
P1548,test
P1550,test
P1553,test
P1555,test
P1561,test
P1562,test
P1563,test
P1566,test
P1567,test
P1569,test
P1572,test
P1580,test
P1584,test
P1585,test
P1586,test
P1589,test
P1592,test
P1599,test
P1600,test
P1603,test
P1608,test
P1611,test
P1614,test
P1619,test
P1627,test
P1634,test
P1635,test
P1640,test
P1650,test
P1653,test
P1660,test
P1662,test
P1666,test
P1668,test
P1670,test
P1671,test
P1676,test
P1678,test
P1682,test
P1684,test
P1693,test
P1696,test
P1699,test
P1700,test
P1701,test
P1704,test
P1706,test
P1707,test
P1713,test
P1716,test
P1717,test
P1718,test
P1722,test
P1725,test
P1728,test
P1733,test
P1734,test
P1735,test
P1739,test
P1740,test
P1751,test
P1760,test
P1762,test
P1763,test
P1766,test
P1773,test
P1777,test
P1783,test
P1784,test
P1787,test
P1789,test
P1791,test
P1792,test
P1793,test
P1796,test
P1797,test
P1807,test
P1811,test
P1812,test
P1813,test
P1815,test
P1816,test
P1817,test
P1820,test
P1823,test
P1826,test
P1833,test
P1835,test
P1837,test
P1838,test
P1841,test
P1843,test
P1846,test
P1854,test
P1855,test
P1863,test
P1864,test
P1866,test
P1868,test
P1872,test
P1873,test
P1880,test
P1882,test
P1883,test
P1884,test
P1895,test
P1896,test
P1898,test
P1904,test
P1908,test
P1915,test
P1917,test
P1919,test
P1925,test
P1927,test
P1928,test
P1937,test
P1940,test
P1942,test
P1946,test
P1950,test
P1951,test
P1954,test
P1955,test
P1956,test
P1962,test
P1963,test
P1965,test
P1966,test
P1969,test
P1971,test
P1972,test
P1974,test
P1975,test
P1978,test
P1980,test
P1982,test
P1983,test
P1988,test
P1990,test
P1994,test
P1996,test
P1998,test
P1999,test
P2001,test
P2003,test
P2004,test
P2006,test
P2010,test
P2014,test
P2016,test
P2017,test
P2020,test
P2027,test
P2028,test
P2031,test
P2032,test
P2033,test
P2040,test
P2045,test
P2047,test
P2048,test
P2053,test
P2055,test
P2060,test
P2062,test
P2069,test
P2070,test
P2076,test
P2077,test
P2086,test
P2089,test
P2090,test
P2094,test
P2097,test
P2106,test
P2110,test
P2113,test
P2121,test
P2126,test
P2127,test
P2128,test
P2133,test
P2135,test
P2142,test
P2145,test
P2155,test
P2157,test
P2158,test
P2159,test
P2162,test
P2166,test
P2167,test
P2174,test
P2176,test
P2179,test
P2181,test
P2182,test
P2183,test
P2185,test
P2186,test
P2187,test
P2188,test
P2191,test
P2198,test
P2200,test
P2203,test
P2210,test
P2213,test
P2214,test
P2217,test
P2218,test
P2221,test
P2222,test
P2224,test
P2226,test
P2227,test
P2228,test
P2230,test
P2231,test
P2233,test
P2234,test
P2237,test
P2238,test
P2239,test
P2240,test
P2241,test
P2242,test
P2244,test
P2253,test
P2261,test
P2264,test
P2269,test
P2270,test
P2274,test
P2275,test
P2278,test
P2279,test
P2289,test
P2291,test
P2292,test
P2294,test
P2305,test
P2307,test
P2310,test
P2312,test
P2313,test
P2319,test
P2321,test
P2322,test
P2332,test
P2338,test
P2341,test
P2345,test
P2351,test
P2357,test
P2359,test
P2360,test
P2361,test
P2362,test
P2364,test
P2365,test
P2366,test
P2369,test
P2379,test
P2381,test
P2384,test
P2388,test
P2396,test
P2400,test
P2402,test
P2409,test
P2414,test
P2418,test
P2421,test
P2423,test
P2426,test
P2427,test
P2430,test
P2431,test
P2444,test
P2447,test
P2455,test
P2458,test
P2460,test
P2461,test
P2462,test
P2470,test
P2475,test
P2476,test
P2481,test
P2484,test
P2485,test
P2486,test
P2489,test
P2490,test
P2498,test
P2499,test
P2513,test
P2517,test
P2519,test
P2520,test
P2521,test
P2523,test
P2539,test
P2548,test
P2556,test
P2568,test
P2574,test
P2575,test
P2577,test
P2580,test
P2581,test
P2591,test
P2593,test
P2595,test
P2599,test
P2601,test
P2602,test
P2604,test
P2619,test
P2621,test
P2626,test
P2630,test
P2632,test
P2633,test
P2634,test
P2642,test
P2643,test
P2646,test
P2647,test
P2648,test
P2649,test
P2652,test
P2653,test
P2659,test
P2660,test
P2667,test
P2672,test
P2673,test
P2682,test
P2684,test
P2687,test
P2691,test
P2692,test
P2693,test
P2694,test
P2696,test
P2698,test
P2699,test
P2703,test
P2705,test
P2712,test
P2715,test
P2718,test
P2723,test
P2725,test
P2728,test
P2733,test
P2735,test
P2736,test
P2743,test
P2752,test
P2755,test
P2756,test
P2766,test
P2770,test
P2771,test
P2774,test
P2775,test
P2778,test
P2779,test
P2785,test
P2786,test
P2789,test
P2790,test
P2793,test
P2794,test
P2798,test
P2801,test
P2805,test
P2806,test
P2807,test
P2808,test
P2809,test
P2816,test
P2821,test
P2822,test
P2823,test
P2824,test
P2826,test
P2828,test
P2835,test
P2838,test
P2844,test
P2847,test
P2851,test
P2853,test
P2857,test
P2866,test
P2874,test
P2880,test
P2882,test
P2887,test
P2888,test
P2890,test
P2892,test
P2904,test
P2906,test
P2909,test
P2910,test
P2915,test
P2917,test
P2928,test
P2935,test
P2936,test
P2937,test
P2939,test
P2942,test
P2944,test
P2946,test
P2953,test
P2957,test
P2961,test
P2963,test
P2964,test
P2965,test
P2972,test
P2973,test
P2979,test
P2980,test
P2981,test
P2983,test
P2987,test
P2989,test
P2992,test
P2995,test
P2999,test
P0013,validation
P0019,validation
P0029,validation
P0041,validation
P0051,validation
P0079,validation
P0098,validation
P0108,validation
P0134,validation
P0143,validation
P0153,validation
P0183,validation
P0185,validation
P0192,validation
P0196,validation
P0198,validation
P0209,validation
P0221,validation
P0235,validation
P0244,validation
P0251,validation
P0253,validation
P0257,validation
P0269,validation
P0270,validation
P0279,validation
P0280,validation
P0297,validation
P0308,validation
P0312,validation
P0320,validation
P0337,validation
P0339,validation
P0389,validation
P0399,validation
P0433,validation
P0443,validation
P0457,validation
P0464,validation
P0471,validation
P0481,validation
P0494,validation
P0498,validation
P0503,validation
P0522,validation
P0528,validation
P0529,validation
P0540,validation
P0560,validation
P0564,validation
P0575,validation
P0588,validation
P0589,validation
P0590,validation
P0601,validation
P0611,validation
P0619,validation
P0631,validation
P0633,validation
P0638,validation
P0642,validation
P0648,validation
P0658,validation
P0680,validation
P0683,validation
P0700,validation
P0731,validation
P0733,validation
P0738,validation
P0744,validation
P0748,validation
P0755,validation
P0767,validation
P0790,validation
P0805,validation
P0816,validation
P0835,validation
P0848,validation
P0852,validation
P0856,validation
P0858,validation
P0863,validation
P0885,validation
P0887,validation
P0889,validation
P0913,validation
P0916,validation
P0918,validation
P0937,validation
P0938,validation
P0944,validation
P0946,validation
P0967,validation
P0975,validation
P0980,validation
P0984,validation
P1003,validation
P1009,validation
P1013,validation
P1048,validation
P1054,validation
P1062,validation
P1063,validation
P1070,validation
P1082,validation
P1087,validation
P1109,validation
P1124,validation
P1135,validation
P1138,validation
P1152,validation
P1166,validation
P1169,validation
P1184,validation
P1185,validation
P1190,validation
P1193,validation
P1199,validation
P1203,validation
P1211,validation
P1213,validation
P1216,validation
P1222,validation
P1225,validation
P1226,validation
P1246,validation
P1276,validation
P1277,validation
P1284,validation
P1289,validation
P1293,validation
P1316,validation
P1324,validation
P1329,validation
P1332,validation
P1342,validation
P1346,validation
P1348,validation
P1352,validation
P1361,validation
P1365,validation
P1394,validation
P1395,validation
P1404,validation
P1406,validation
P1410,validation
P1422,validation
P1427,validation
P1445,validation
P1452,validation
P1461,validation
P1491,validation
P1494,validation
P1499,validation
P1501,validation
P1504,validation
P1511,validation
P1512,validation
P1517,validation
P1519,validation
P1534,validation
P1542,validation
P1581,validation
P1587,validation
P1595,validation
P1632,validation
P1637,validation
P1639,validation
P1646,validation
P1655,validation
P1657,validation
P1680,validation
P1686,validation
P1689,validation
P1705,validation
P1712,validation
P1719,validation
P1724,validation
P1726,validation
P1746,validation
P1770,validation
P1776,validation
P1808,validation
P1814,validation
P1819,validation
P1856,validation
P1859,validation
P1862,validation
P1870,validation
P1871,validation
P1874,validation
P1878,validation
P1900,validation
P1905,validation
P1936,validation
P1941,validation
P1964,validation
P1981,validation
P2008,validation
P2018,validation
P2024,validation
P2030,validation
P2036,validation
P2059,validation
P2075,validation
P2079,validation
P2092,validation
P2108,validation
P2117,validation
P2143,validation
P2154,validation
P2193,validation
P2194,validation
P2207,validation
P2211,validation
P2215,validation
P2216,validation
P2232,validation
P2248,validation
P2250,validation
P2257,validation
P2266,validation
P2288,validation
P2298,validation
P2299,validation
P2304,validation
P2306,validation
P2309,validation
P2311,validation
P2314,validation
P2327,validation
P2342,validation
P2350,validation
P2358,validation
P2363,validation
P2367,validation
P2371,validation
P2373,validation
P2376,validation
P2385,validation
P2391,validation
P2393,validation
P2408,validation
P2412,validation
P2429,validation
P2434,validation
P2438,validation
P2439,validation
P2440,validation
P2466,validation
P2472,validation
P2500,validation
P2502,validation
P2503,validation
P2505,validation
P2510,validation
P2514,validation
P2526,validation
P2534,validation
P2565,validation
P2570,validation
P2571,validation
P2579,validation
P2596,validation
P2600,validation
P2607,validation
P2610,validation
P2615,validation
P2616,validation
P2620,validation
P2654,validation
P2656,validation
P2674,validation
P2695,validation
P2704,validation
P2709,validation
P2721,validation
P2722,validation
P2726,validation
P2730,validation
P2748,validation
P2757,validation
P2773,validation
P2777,validation
P2796,validation
P2800,validation
P2836,validation
P2841,validation
P2849,validation
P2870,validation
P2884,validation
P2895,validation
P2903,validation
P2905,validation
P2922,validation
P2950,validation
P2958,validation
P2967,validation
P2990,validation
P2991,validation
